Year,NOC,GDP,GDP_per_capita,GDP_growth,GDP_share,Pop,Pop_share,Pop_growth,Area,Athletes,Athletes_share,Medals_last,Medals_last_share,Medals
1988,ALG,59089396860.4342,2450.87242078961,-1.00000549065851,0.30151216110577506,24109536.0,0.47117476610798953,2.80088866145511,2381740.0,42,0.49680624556423,2.0,0.291970802919708,0
1988,AND,721425939.15155,14599.0355178798,5.09432619448408,0.0036811797978766655,49416.0,0.0009657412005769174,3.63286711986262,470.0,3,0.035486160397444996,0.0,0.0,0
1988,ANG,8769836768.83478,807.439628386237,6.12889047765088,0.04474935567478785,10861291.0,0.2122631578872282,3.40339476992955,1246700.0,24,0.28388928317955997,0.0,0.0,0
1988,ANT,411396296.296296,6466.15683473424,5.21313204893121,0.002099208876005043,63623.0,0.001243389841434054,-0.506393701034133,440.0,15,0.177430801987225,0.0,0.0,0
1988,ARG,126890235049.092,3992.70330179156,-1.08993334133791,0.6474757067369795,31780532.0,0.6210897103904229,1.54990330404865,2736690.0,118,1.3957889756328365,0.0,0.0,2
1988,ARU,596648044.692737,10056.2613927414,18.6486486682331,0.003044482613348514,59331.0,0.0011595109108675143,0.290320062131051,180.0,8,0.09462976105985332,0.0,0.0,0
1988,AUS,236461079970.431,14303.093047615,5.76137011855324,1.20657672996201,16532164.0,0.3230895238282033,1.63614876307642,7682300.0,252,2.9808374733853795,24.0,3.5036496350364965,14
1988,AUT,132817124707.456,17509.7658683817,3.2958798164712,0.6777185151675624,7585317.0,0.14824051210815326,0.141570850318539,82520.0,73,0.8634965696711616,3.0,0.43795620437956206,1
1988,BAH,2817900000.0,10575.797153666,2.30970766214169,0.014378740754229461,266448.0,0.005207216517146643,1.70827212376845,10010.0,16,0.18925952211970665,0.0,0.0,0
1988,BAN,26579005558.3652,247.901465967332,2.41625685565774,0.13562320537597397,107216008.0,2.0953318011774402,2.12729956278453,130170.0,6,0.07097232079488999,0.0,0.0,0
1988,BAR,1812757917.76463,7032.65370811416,3.50538227987897,0.009249858458325145,257763.0,0.0050374848041992056,0.187945892751294,430.0,17,0.20108824225218833,0.0,0.0,0
1988,BEN,1620246083.79478,326.179757700303,3.40524529583226,0.008267539088307138,4967341.0,0.097077178667131,3.04249160427487,112760.0,7,0.08280104092737166,0.0,0.0,0
1988,BER,1415100032.0,24958.1127004004,4.05622489892114,0.007220751801493955,56699.0,0.0011080735051706054,0.768390169191453,54.0,12,0.14194464158977999,0.0,0.0,0
1988,BHU,272298066.556045,488.877757351253,4.76737301961812,0.0013894401174233614,556986.0,0.010885226006648352,2.99400155331813,46723.0,3,0.035486160397444996,0.0,0.0,0
1988,BIZ,421450000.0,2405.81116565818,9.78848090834173,0.002150509347695094,175180.0,0.003423558028109608,2.21758029647318,22810.0,10,0.11828720132481665,0.0,0.0,0
1988,BOL,4597612362.2748,672.607268146683,2.90949796034215,0.02345997950445007,6835508.0,0.13358692938467548,2.11937999087102,1083300.0,7,0.08280104092737166,0.0,0.0,0
1988,BOT,2644554158.72794,2140.51439180359,19.4499695097307,0.013494218623396302,1235476.0,0.02414501528905552,2.982917184193,566730.0,8,0.09462976105985332,0.0,0.0,0
1988,BRA,307881930752.268,2140.65027561164,-0.059999999999917,1.571011911422864,143826357.0,2.810811046701156,1.91028205578332,8358140.0,160,1.8925952211970665,8.0,1.167883211678832,6
1988,BRN,4209834172.87234,8771.7853534009,6.99999164945342,0.021481285421777702,479929.0,0.009379294330817536,3.6226506709969,690.0,7,0.08280104092737166,0.0,0.0,0
1988,BUL,23003003707.7017,2561.16929364177,10.9446917287804,0.11737614070109721,8981446.0,0.17552518299653458,0.112372423824029,110630.0,172,2.0345398627868465,41.0,6.497622820919176,35
1988,BUR,2616040478.99309,301.129214663833,5.79559296458005,0.013348723464286137,8687435.0,0.16977930036494115,2.68703394002769,273600.0,6,0.07097232079488999,0.0,0.0,0
1988,CAF,1264899287.51261,466.070596898859,1.71016528472386,0.006454330861759954,2713965.0,0.05303925484506503,1.66487223139615,622980.0,15,0.177430801987225,0.0,0.0,0
1988,CAN,509380027626.554,19012.5723278349,4.41083906453277,2.5991849826553324,26791747.0,0.5235934497598557,1.29662488995999,8965590.0,328,3.879820203453986,44.0,6.423357664233577,10
1988,CGO,2212536311.99319,984.376285838246,1.76626342847234,0.011289785315117295,2247653.0,0.04392607873361482,2.89698322874559,341500.0,7,0.08280104092737166,0.0,0.0,0
1988,CHA,1482597297.98821,263.544647841815,15.4823590700135,0.007565166326233562,5625602.0,0.1099416308371359,3.38597976291247,1259200.0,6,0.07097232079488999,0.0,0.0,0
1988,CHI,26174858613.8456,2013.53987790886,7.35081069623416,0.13356098736189922,12999424.0,0.2540488777029382,1.62297053532028,743532.0,17,0.20108824225218833,0.0,0.0,1
1988,CHN,312888888888.889,284.023573149686,11.2209115803492,1.5965606367196286,1101630000.0,21.529251230199723,1.61007108578698,9388250.0,273,3.229240596167495,32.0,4.671532846715328,28
1988,CIV,10255169805.7996,909.534182158689,1.13648396562287,0.052328481503315996,11275189.0,0.22035200262246343,3.83036325504084,318000.0,28,0.33120416370948663,1.0,0.145985401459854,0
1988,CMR,12236057362.4917,1145.16555992416,-7.82363197491021,0.06243624566845837,10684968.0,0.20881726211036797,2.9848646701323,472710.0,15,0.177430801987225,1.0,0.145985401459854,0
1988,COD,8861299976.74158,257.725151748806,0.470381336748687,0.04521605987119015,34382752.0,0.6719451229484056,3.20305597579918,2267050.0,15,0.177430801987225,0.0,0.0,0
1988,COL,39212550050.4223,1259.6174112078,4.06417324490376,0.20008768639315436,31130524.0,0.6083865473196645,2.04796088983437,1109500.0,40,0.4731488052992666,1.0,0.145985401459854,1
1988,CRC,4614629898.40348,1554.74048522018,3.43214737968852,0.023546813934440494,2968103.0,0.058005895957907366,2.57330518707329,51060.0,16,0.18925952211970665,0.0,0.0,1
1988,CYP,4278792597.23965,7645.6298828125,8.6467778500465,0.02183315571767099,766235.0,0.014974597474988957,1.50559707194302,9240.0,9,0.10645848119233499,0.0,0.0,0
1988,DEN,115540189705.118,22524.5792595476,0.272951118976223,0.5895604650499958,5129516.0,0.10024657884528304,0.0485933862498549,40000.0,78,0.9226401703335699,6.0,0.8759124087591241,4
1988,DOM,5374299981.49698,783.913142122635,2.15596333107848,0.027423139987013474,6855734.0,0.13398220786781592,2.11116879404317,48310.0,16,0.18925952211970665,1.0,0.145985401459854,0
1988,ECU,13051881851.4068,1303.77906073184,5.89046729088525,0.06659910766748671,10010808.0,0.19564209439584365,2.33984250758108,276840.0,13,0.15377336172226166,0.0,0.0,0
1988,EGY,34980124929.0176,633.839369496566,5.46132049551341,0.17849112740157683,55187681.0,1.0785376660594936,2.78029406933467,995450.0,49,0.5796072864916016,1.0,0.145985401459854,0
1988,ESA,4189880000.0,806.392353256927,1.878176962178,0.021379466379690883,5195833.0,0.10154261776382481,2.0099674797558,20720.0,6,0.07097232079488999,0.0,0.0,0
1988,ESP,375891716897.586,9696.1928538538,5.09432412898086,1.9180416441082377,38766939.0,0.7576256721011843,0.212064999269184,499440.0,229,2.7087769103383015,5.0,0.7299270072992701,4
1988,FIJ,1110009522.75743,1463.04720165947,0.955754866463423,0.005663983520513522,758697.0,0.0148272816831412,1.08095407494385,18270.0,23,0.2720605630470783,0.0,0.0,0
1988,FIN,109039090262.971,22043.7701596288,5.23111280719965,0.5563876684652705,4946481.0,0.09666950986666081,0.290689051012441,304590.0,78,0.9226401703335699,12.0,1.7518248175182483,4
1988,FRA,1010827662151.75,17549.6440487161,4.81422400170246,5.157893786608416,57598186.0,1.1256463756413428,0.578107856832589,538950.0,266,3.146439555240123,28.0,4.087591240875913,16
1988,FRG,1406367016371.53,17996.9783507619,3.70723567991882,7.176190330993084,78144619.0,1.527187108865262,0.390678960242038,349130.0,347,4.104565885971138,59.0,8.613138686131387,40
1988,GAB,3834503376.02992,4118.60473032795,12.8453532480867,0.01956610595306855,931020.0,0.018195005110917956,2.78166738757561,257670.0,2,0.02365744026496333,0.0,0.0,0
1988,GAM,266672211.934161,274.874465999589,4.47682692076357,0.0013607333836396739,970160.0,0.018959921546699492,4.11039894872358,10120.0,6,0.07097232079488999,0.0,0.0,0
1988,GBR,910122732123.799,15987.1680775688,5.0321018040183,4.644032371531683,56928327.0,1.1125552627451705,0.222063893961785,241930.0,345,4.080908445706174,37.0,5.401459854014599,24
1988,GEQ,100534656.881732,228.669232827247,2.6552621825882,0.0005129925718151231,439651.0,0.008592137861721756,3.97397139114896,28050.0,6,0.07097232079488999,0.0,0.0,0
1988,GHA,5197765031.64557,355.121844932881,5.62816876359457,0.026522344970166062,14636568.0,0.28604372576990633,2.40254861016643,227540.0,16,0.18925952211970665,0.0,0.0,0
1988,GRE,75200610136.9205,7492.35204811251,4.28786172851761,0.3837219481595017,10036983.0,0.19615363470515845,0.363197987305088,128900.0,56,0.6624083274189733,2.0,0.291970802919708,1
1988,GRN,236357523.703704,2404.25523562379,2.96679168426633,0.0012060483191906044,98308.0,0.001921241823423903,0.798639824026673,340.0,6,0.07097232079488999,0.0,0.0,0
1988,GUA,7841602824.42748,919.070773138882,3.89238706354786,0.04001290823310843,8532099.0,0.16674355536063454,2.80034727895635,107160.0,28,0.33120416370948663,0.0,0.0,0
1988,GUI,3476480303.12273,574.001127225182,6.30811670197524,0.017739241639443126,6056574.0,0.11836415424443385,2.61583840073543,245720.0,6,0.07097232079488999,0.0,0.0,0
1988,GUY,413799990.0,544.715209244099,-3.69353310075873,0.0021114740694534026,759663.0,0.014846160305444852,-0.584993100789264,196850.0,8,0.09462976105985332,0.0,0.0,0
1988,HAI,2613926800.0,397.365336276412,0.200426837325949,0.013337938112684126,6578145.0,0.12855726181538463,2.04290699274167,27560.0,4,0.04731488052992666,0.0,0.0,0
1988,HKG,59707404560.5944,10609.7456394545,8.51153048557791,0.3046656344386545,5627600.0,0.10998067792550309,0.840468540728853,990.0,48,0.5677785663591199,0.0,0.0,0
1988,HON,4892660944.20601,1039.29410284648,7.57442109483326,0.024965507404479136,4707677.0,0.09200254245402989,2.81704824743616,111890.0,8,0.09462976105985332,0.0,0.0,0
1988,HUN,29799838597.4079,2812.23754602897,-0.0652631444904301,0.1520579700166823,10596487.0,0.20708807020555484,-0.153272935554963,89870.0,188,2.223799384906553,32.0,5.071315372424722,23
1988,INA,84300174485.7973,476.662483405818,5.7804984881177,0.43015378631874385,176855065.0,3.4562939695889745,1.90886698268871,1811570.0,29,0.3430328838419683,0.0,0.0,1
1988,IND,296589670895.932,358.484539641693,9.62778291984834,1.513391528512311,827342990.0,16.16883625650592,2.25053923542519,2973190.0,46,0.5441211260941566,0.0,0.0,0
1988,IRI,123057861333.908,2234.46235141335,-6.08199661986552,0.6279204676852198,55072694.0,1.076290465083479,3.227701834245,1628760.0,23,0.2720605630470783,0.0,0.0,1
1988,IRL,37772896220.7559,10715.8702780539,5.21741342322537,0.19274164530134597,3524949.0,0.0688883859323378,-0.427686063650556,68890.0,61,0.7215519280813816,1.0,0.145985401459854,0
1988,IRQ,62684516129.0323,3707.20841763297,-0.0190369368025927,0.31985677516010885,16908819.0,0.3304505253642098,2.32000552741589,437370.0,27,0.319375443577005,0.0,0.0,0
1988,ISL,6320093411.44744,25306.6926061001,-0.089725977854286,0.032249187233655,249740.0,0.00488069061502508,1.56621758114814,100250.0,32,0.3785190442394133,1.0,0.145985401459854,0
1988,ISR,52618458014.4117,11845.6681707365,2.91001631242278,0.2684932633083265,4442000.0,0.08681039365716908,1.65705755029368,21640.0,18,0.21291696238466998,0.0,0.0,0
1988,ITA,893663934840.821,15780.9495122174,4.19437725054567,4.560048987004782,56629288.0,1.106711117470779,0.0483205970471755,294110.0,253,2.9926661935178616,32.0,4.671532846715328,14
1988,JAM,3828342820.3494,1632.01481656159,3.97430201540247,0.019534670830093217,2345777.0,0.04584372462898089,0.682868345368861,10830.0,35,0.4140052046368583,3.0,0.43795620437956206,2
1988,JOR,6277451829.05325,1965.98031813995,1.46216981660774,0.03203160241567133,3193039.0,0.06240183983626598,4.6607576002442,88240.0,7,0.08280104092737166,0.0,0.0,0
1988,JPN,3191546727316.14,26036.864097278,6.78502010955764,16.285327015539316,122578000.0,2.3955525514877243,0.416110342195181,364600.0,255,3.0163236337828248,31.0,4.525547445255475,14
1988,KEN,8355380879.12955,391.238771204282,6.20318382314591,0.04263453478258619,21356219.0,0.4173664516926415,3.52708553980729,569140.0,74,0.8753252898036432,3.0,0.43795620437956206,9
1988,KOR,205477530605.222,4888.68509195605,12.1331951107172,1.0484787052030722,42031247.0,0.8214203282241573,0.979189224150187,96460.0,401,4.743316773125148,19.0,2.7737226277372264,33
1988,KSA,88256074766.3551,9165.49615323397,6.60034126267189,0.45033933746808347,9629165.0,0.18818361194053004,5.32095708351149,2149690.0,9,0.10645848119233499,0.0,0.0,0
1988,KUW,20690322152.8945,9692.34754600725,-10.0526170080749,0.1055753498555523,2134707.0,0.041718765198720045,3.90301852486716,17820.0,25,0.2957180033120416,0.0,0.0,0
1988,LAO,598961269.297879,147.070942942331,-2.01020105305003,0.0030562861751866352,4072601.0,0.07959119676239992,2.86410486101786,230800.0,3,0.035486160397444996,0.0,0.0,0
1988,LBA,24308959591.195,5736.28243992278,7.57902335976675,0.12403996875930043,4237755.0,0.08281881579753186,2.58194390370826,1759540.0,6,0.07097232079488999,0.0,0.0,0
1988,LBR,1038300000.0,424.325719336919,-2.04189816424886,0.005298075348705224,2446941.0,0.04782078150965037,2.89031493513992,96320.0,8,0.09462976105985332,0.0,0.0,0
1988,LES,470395800.600668,270.36712009929,8.60191907664445,0.0024002623473917527,1739841.0,0.03400186450042384,2.11733466448557,30360.0,6,0.07097232079488999,0.0,0.0,0
1988,LIE,1161757671.01756,41568.5441182755,5.63379830669763,0.005928035902906027,27948.0,0.0005461902030460517,1.40890538804493,160.0,12,0.14194464158977999,0.0,0.0,0
1988,MAR,25705296183.5037,1086.03527832031,11.8752359788597,0.13116497740632516,23500524.0,0.4592727914429873,1.91664251827313,446300.0,27,0.319375443577005,2.0,0.291970802919708,3
1988,MAS,35272109220.1988,2099.95467656701,9.93771967651989,0.17998101931654964,16796605.0,0.3282575173691973,3.14398721440995,328550.0,9,0.10645848119233499,0.0,0.0,0
1988,MAW,2008189508.37875,229.421843922728,3.17729140008842,0.010247076307300314,8753262.0,0.1710657631707202,5.39936640972062,94280.0,16,0.18925952211970665,0.0,0.0,0
1988,MDV,168514513.375071,799.082501719284,8.73034178146668,0.0008598695841389967,210885.0,0.004121343959115736,3.34675148443986,300.0,7,0.08280104092737166,0.0,0.0,0
1988,MEX,181611150496.787,2278.81222720992,1.21826122938586,0.9266970620215945,79695531.0,1.5574967174306893,1.97542817137593,1943950.0,83,0.9817837709959782,6.0,0.8759124087591241,2
1988,MGL,3204461566.66667,1543.33555521093,5.10797231165017,0.01635122684410094,2076322.0,0.04057774204841076,2.61153690252887,1547438.742,28,0.33120416370948663,4.0,0.6339144215530903,1
1988,MLI,2712207900.69838,307.019371606958,10.8056984434684,0.013839431589380365,8833996.0,0.17264355477844598,1.74518393142561,1220190.0,6,0.07097232079488999,0.0,0.0,0
1988,MLT,2019503068.03393,5814.44775940093,8.41423629574032,0.010304805375503354,347325.0,0.00678780278635215,0.821039289346079,320.0,6,0.07097232079488999,0.0,0.0,0
1988,MON,2000704744.91538,67180.5763713568,4.59860147535215,0.010208884223320568,29781.0,0.0005820126820135417,1.13125288324776,2.027,9,0.10645848119233499,0.0,0.0,0
1988,MRI,2163252449.13108,2073.59238787189,6.79134674767185,0.011038307304023477,1043239.0,0.02038811082136682,0.688400517657601,2030.0,8,0.09462976105985332,0.0,0.0,0
1988,MTN,1414951290.06682,762.423918016846,1.72039797622089,0.007219992824349102,1855859.0,0.03626921439941471,2.88879526231512,1030700.0,6,0.07097232079488999,0.0,0.0,0
1988,MYA,1541088312.25453,39.9236088878004,-11.3524394768121,0.007863625153937652,38600927.0,0.754381285097174,1.64379378529744,653540.0,2,0.02365744026496333,0.0,0.0,0
1988,NED,262295966105.474,17770.6162376388,3.44121890433911,1.3384029587674395,14760094.0,0.2884578051681268,0.646096227552241,33760.0,147,1.7388218594748048,13.0,1.897810218978102,9
1988,NEP,3487009748.35638,187.084777621975,7.6968087109188,0.01779296965083477,18638661.0,0.3642569785350123,2.10452210347206,143000.0,16,0.18925952211970665,0.0,0.0,0
1988,NGR,49648470440.4593,539.539468397166,7.33402548758716,0.25333847379516267,92020090.0,1.7983566495425771,2.67440624256127,910770.0,69,0.8161816891412349,2.0,0.291970802919708,0
1988,NIG,2280356192.76273,292.587878484489,6.87115013671369,0.011635846028261116,7793748.0,0.1523138973311063,3.02985788052672,1266700.0,6,0.07097232079488999,0.0,0.0,0
1988,NOR,101497621605.033,24111.6310594146,-0.330025653077698,0.517906238060133,4209488.0,0.0822663913496464,0.537922759339233,365244.0,69,0.8161816891412349,3.0,0.43795620437956206,5
1988,NZL,45176811594.2029,13759.1556295922,-0.334621133273799,0.2305211902536326,3283400.0,0.06416777274514834,0.274482468222468,263310.0,83,0.9817837709959782,11.0,1.6058394160583942,13
1988,OMA,8386215864.75943,5279.10411437183,5.96402764822645,0.04279187473948049,1588568.0,0.03104552305969873,5.67040937337118,309500.0,8,0.09462976105985332,0.0,0.0,0
1988,PAK,38472742808.3167,353.85454278549,7.62527877959378,0.19631271334856873,108724739.0,2.124817062778695,3.36148582370259,770880.0,30,0.35486160397445,1.0,0.145985401459854,1
1988,PAN,5902783400.0,2508.78229277879,-13.3798437826627,0.03011980277404065,2352848.0,0.045981913799073154,2.18612312048078,74340.0,6,0.07097232079488999,0.0,0.0,0
1988,PAR,4255683528.33333,1113.89406863138,5.91537206556045,0.021715238364012023,3820546.0,0.0746652639003428,2.80445454879684,397300.0,10,0.11828720132481665,0.0,0.0,0
1988,PER,15439408447.2,733.299784874657,-9.44127344629392,0.07878180611836802,21054702.0,0.41147387864799306,2.2691453247117,1280000.0,21,0.248403122782115,1.0,0.145985401459854,1
1988,PHI,43152128958.6116,722.343718454247,6.69693110468185,0.22018995538839348,59739052.0,1.1674855067145642,2.68311652440946,298170.0,31,0.36669032410693164,0.0,0.0,1
1988,PNG,3656177880.70625,984.993556016427,2.90924048446031,0.01865617441996638,3711880.0,0.07254159477896731,2.16055328455361,452860.0,11,0.13011592145729833,0.0,0.0,0
1988,POR,56347250696.3788,5623.69699982123,7.4891073628233,0.2875199652140978,10019610.0,0.19581411265000176,-0.103951995334113,91500.0,65,0.7688668086113083,3.0,0.43795620437956206,1
1988,PUR,26385800000.0,7595.44465611829,5.88837273658802,0.1346373461772766,3473898.0,0.06789069178407302,0.926818889529725,8870.0,47,0.5559498462266382,2.0,0.291970802919708,0
1988,QAT,6038186813.18681,14682.0213127986,5.90444950002646,0.03081071819880765,411264.0,0.008037368243363796,3.52864689870194,11610.0,10,0.11828720132481665,0.0,0.0,0
1988,RWA,2395492686.81271,343.781325823561,4.4988249932594,0.01222334657806613,6968071.0,0.13617761966256275,3.18710379833714,24670.0,6,0.07097232079488999,0.0,0.0,0
1988,SAM,133016065.416065,790.134992313838,-1.44229968442642,0.0006787336387967018,168346.0,0.003290000569700537,0.407730165725868,2830.0,11,0.13011592145729833,0.0,0.0,0
1988,SEN,6418419388.63499,880.487755138196,-0.816575488243529,0.03275090969910305,7289618.0,0.14246164074524664,2.89611580449774,192530.0,23,0.2720605630470783,0.0,0.0,1
1988,SGP,25371462488.1292,8914.44122574729,11.26359213382,0.12946154287677608,2846108.0,0.05562173702629855,2.53777386733667,670.0,8,0.09462976105985332,0.0,0.0,0
1988,SLE,1055083933.07498,268.160979625957,-7.08000000523833,0.005383717785456519,3934517.0,0.07689260909969022,2.69969584969167,72180.0,12,0.14194464158977999,0.0,0.0,0
1988,SOL,176494394.043362,567.022935580171,1.25019632877232,0.0009005880749935494,311265.0,0.006083079059364865,3.21599043746711,27990.0,4,0.04731488052992666,0.0,0.0,0
1988,SOM,1051596967.1287,145.341346820158,3.41524772059694,0.00536592503931209,7235360.0,0.1414012719161042,0.09759631496132,627340.0,5,0.05914360066240833,0.0,0.0,0
1988,SRI,6978371581.26375,434.015552780537,2.472685037698,0.03560814644014116,16078621.0,0.3142258933981147,1.01294194595377,62710.0,6,0.07097232079488999,0.0,0.0,0
1988,SUI,218788504066.152,33183.0267583533,2.55903865202789,1.1163998651381801,6593386.0,0.12885511800847982,0.734943056123237,39529.11,99,1.171043293115685,8.0,1.167883211678832,4
1988,SUR,1161000000.0,2886.42980207694,7.79999999163023,0.005924169777373364,402227.0,0.007860757363697016,1.33045316714963,160507.61,6,0.07097232079488999,0.0,0.0,1
1988,SWE,206686590775.558,24499.1240758517,2.55903868133913,1.0546481089241146,8436489.0,0.16487504078666743,0.459598369773659,407339.7,185,2.188313224509108,19.0,2.7737226277372264,11
1988,SWZ,692026454.737872,865.25154443731,6.56982157105428,0.003531164692765666,799798.0,0.0156305221130609,4.60388194208911,17200.0,11,0.13011592145729833,0.0,0.0,0
1988,SYR,10577041644.9944,897.70876335774,18.0111401002195,0.05397087893823883,11782264.0,0.2302618136003358,3.39541335503712,183780.0,13,0.15377336172226166,1.0,0.145985401459854,0
1988,TAN,7406614407.46127,307.50634765625,7.25543546092405,0.03779331716222239,24769686.0,0.4840761351698491,3.03017868342338,885800.0,10,0.11828720132481665,0.0,0.0,0
1988,TGA,106657267.367342,1077.6835915018,-1.88187195516706,0.0005442340739662687,98969.0,0.0019341598041099429,0.600979791546612,720.0,5,0.05914360066240833,0.0,0.0,0
1988,THA,61667253471.3736,1164.20096229495,13.2881140717644,0.3146660458817693,52969595.0,1.0351894177872163,1.70502694404775,510890.0,14,0.16560208185474332,1.0,0.145985401459854,1
1988,TOG,1947208354.22555,556.09976573928,6.64236977029414,0.009935911182043008,3501545.0,0.06843099951785055,3.0130879101746,54390.0,6,0.07097232079488999,0.0,0.0,0
1988,TTO,4496910569.10569,3655.81977035897,-3.91972405050394,0.02294613409564753,1230069.0,0.02403934581618197,1.03823999487909,5130.0,6,0.07097232079488999,0.0,0.0,0
1988,TUN,10096245762.4352,1266.07583258953,0.0721590773964209,0.05151754867420544,7974440.0,0.1558451768562529,2.34022356945689,155360.0,41,0.48497752543174827,0.0,0.0,0
1988,TUR,90875175808.7201,1685.69479240535,2.32073679394847,0.46370367789794203,53909626.0,1.053560525657532,1.99711197505007,769630.0,41,0.48497752543174827,3.0,0.43795620437956206,2
1988,UAE,36275613876.8575,21569.6710149303,-2.61905367759613,0.18510154641252802,1681788.0,0.03286732965508849,6.60823561382132,71020.0,12,0.14194464158977999,0.0,0.0,0
1988,UGA,6508931651.66667,395.187660960924,8.26707354577805,0.03321276156226751,16470483.0,0.3218840866622492,3.18496327397902,199810.0,24,0.28388928317955997,0.0,0.0,0
1988,URS,817444360552.9386,2880.393193536318,9.2306921166245,4.171127627452209,283796102.0,5.546251988516459,0.648303809439665,21480362.0,481,5.689614383723681,195.0,30.903328050713153,131
1988,URU,8213538368.84635,2677.19777690993,1.48093746177193,0.04191076293713701,3067961.0,0.059957429566601106,0.590567988250426,175020.0,15,0.177430801987225,0.0,0.0,0
1988,USA,5236438000000.0,21417.0119305191,4.17698239478443,26.719679363212254,244499000.0,4.7782652946384925,0.907999040167679,9158960.0,527,6.233735509817838,173.0,25.255474452554743,94
1988,VAN,158351368.433149,1125.00616977712,-1.69288283840025,0.0008080106727625978,140756.0,0.002750806791897454,2.56829362697183,12190.0,4,0.04731488052992666,0.0,0.0,0
1988,VEN,60226413793.1035,3191.47633742656,6.43274853801171,0.307313953826603,18871020.0,0.36879799075018255,2.5550534835076,882050.0,17,0.20108824225218833,3.0,0.43795620437956206,0
1988,VIE,25423812648.5941,404.559305078888,5.13501167157808,0.12972866711318162,62843228.0,1.2281506891866794,2.02305132101298,325490.0,9,0.10645848119233499,0.0,0.0,0
1988,VIN,200726712.592593,1813.93765107441,14.07469453936,0.0010242369717937546,110658.0,0.0021625989512190492,0.595490726853875,390.0,6,0.07097232079488999,0.0,0.0,0
1988,ZAM,3728878148.80792,504.486020154114,6.28074900897693,0.019027138012640672,7391440.0,0.14445155697734036,2.74531148561589,743390.0,29,0.3430328838419683,1.0,0.145985401459854,0
1988,ZIM,7818774176.83792,815.89246404532,7.55237451045024,0.03989642176962146,9583094.0,0.18728324236687416,3.16386516916123,386850.0,29,0.3430328838419683,0.0,0.0,0
1992,ALB,652174990.837304,200.852219772323,-7.18711090964234,0.002544434394362309,3247039.0,0.059286908514312696,-0.606434726201759,27400.0,7,0.07457916045173663,0.0,0.0,0
1992,ALG,48003133346.9957,1802.69300801289,1.80000230253509,0.1872822865661315,26628568.0,0.4862046544199668,2.43525019358237,2381740.0,35,0.37289580225868313,0.0,0.0,2
1992,AND,1209992020.29543,20099.5352208543,0.929214040125956,0.004720735012225689,60200.0,0.001099177402107466,6.0480321596983,470.0,8,0.08523332623055614,0.0,0.0,0
1992,ANG,8307810973.58848,668.706017459877,-5.83828073148828,0.03241258907508851,12423712.0,0.22684158605799584,3.27414246108306,1246700.0,28,0.2983166418069465,0.0,0.0,0
1992,ANT,525133333.333333,8153.73786307269,1.15855077710827,0.002048786497078035,64404.0,0.0011759372326466651,1.59169498831994,440.0,13,0.13850415512465375,0.0,0.0,0
1992,ARG,228778917308.17,6789.99611136495,7.93729155643076,0.8925717086399226,33693527.0,0.615202051091325,1.38438120034139,2736690.0,84,0.8949499254208395,2.0,0.27100271002710025,1
1992,ARU,958659217.877095,13892.6051427736,5.88235395341866,0.0037401702314700715,69005.0,0.001259945791236307,4.61012241010557,180.0,5,0.053270828894097594,0.0,0.0,0
1992,AUS,325982966981.415,18650.3675476612,0.433065864126704,1.2718093837037419,17478635.0,0.3191382161409407,1.11959770147047,7682300.0,279,2.9725122522906458,14.0,1.897018970189702,27
1992,AUT,194314032056.098,24782.7118767063,2.0935244262602,0.7581083503922603,7840709.0,0.14316163038705362,1.10055228652823,82520.0,102,1.0867249094395908,1.0,0.13550135501355012,2
1992,BAH,3109000000.0,10873.4047501635,-3.82558229706301,0.012129637970196042,285927.0,0.005220672708511319,1.83396180238937,10010.0,14,0.14915832090347325,0.0,0.0,1
1992,BAN,31708874594.1645,273.465072520272,5.44268554966725,0.1237108939432494,115952192.0,2.117143341714719,1.8848730627462,130170.0,6,0.06392499467291711,0.0,0.0,0
1992,BAR,1957000000.0,7519.20143544898,-5.69252080356588,0.007635156483651867,260267.0,0.00475215290555322,0.34408470557972,430.0,17,0.1811208182399318,0.0,0.0,0
1992,BEN,1695315305.70308,301.77329696287,2.95771082720395,0.006614204214702666,5617844.0,0.10257486998945207,3.08954460200877,112760.0,6,0.06392499467291711,0.0,0.0,0
1992,BER,1679900000.0,28761.9634632835,-0.0597382143839553,0.0065540620219145486,58407.0,0.0010664394439350625,0.726863524436884,54.0,20,0.21308331557639038,0.0,0.0,0
1992,BHU,240233531.160464,415.791522568451,4.60089124887257,0.0009372614220901377,577774.0,0.01054943728115015,-3.73868016502051,46723.0,6,0.06392499467291711,0.0,0.0,0
1992,BIH,4735044707.23969,1118.17569934079,-6.43690762214798,0.018473585741881744,4234616.0,0.07731884076084235,-5.14845213063333,51200.0,10,0.10654165778819519,0.0,0.0,0
1992,BIZ,695741150.0,3642.9480634402,12.7362233602929,0.002714406005296835,190983.0,0.0034871129200446872,2.08619211260685,22810.0,10,0.10654165778819519,0.0,0.0,0
1992,BOL,5643868748.68126,759.57113496365,1.64649821845634,0.022019326044646844,7430336.0,0.13566872792799967,2.04005205570035,1083300.0,13,0.13850415512465375,0.0,0.0,0
1992,BOT,4146464586.61674,3004.61263362306,2.91707018751026,0.016177264165937486,1380033.0,0.025197692487750376,2.81282080899369,566730.0,6,0.06392499467291711,0.0,0.0,0
1992,BRA,328191909882.232,2127.31642731638,-0.54407204977727,1.2804274852424185,154275079.0,2.8168717698528916,1.66724681782032,8358140.0,182,1.9390581717451523,6.0,0.8130081300813008,3
1992,BRN,5402232446.80851,10460.1583222808,6.68999812735618,0.02107659176926136,516458.0,0.009429883101953782,2.63004242215019,710.0,10,0.10654165778819519,0.0,0.0,0
1992,BUL,8602874120.17193,1007.34296439412,-7.27238740564677,0.03356376602793641,8540164.0,0.15593281194504494,-1.07385319076042,110630.0,138,1.4702748774770935,35.0,4.742547425474255,16
1992,BUR,3356692505.18266,348.592443894547,0.232710761845951,0.013096000278268275,9629275.0,0.1758186292139264,2.46694750828756,273600.0,4,0.04261666311527807,0.0,0.0,0
1992,CAF,1411917553.12436,461.587303490896,-6.42407819946331,0.005508539325559191,3058831.0,0.055850463655577776,3.17660886218298,622980.0,15,0.15981248668229278,0.0,0.0,0
1992,CAN,594387358318.855,20950.3305287651,0.890466243956382,2.3189782793402713,28371264.0,0.5180241238874597,1.18367554138942,8965590.0,295,3.142978904751758,10.0,1.3550135501355014,18
1992,CGO,2933222703.0334,1164.22442980292,2.61194805533871,0.011443849943311355,2519465.0,0.04600230886047652,2.82732962442827,341500.0,7,0.07457916045173663,0.0,0.0,0
1992,CHA,1881847669.69794,290.648286132566,8.00144334899822,0.007341952701348689,6474656.0,0.1182191953757395,4.2431121638925,1259200.0,6,0.06392499467291711,0.0,0.0,0
1992,CHI,46538895685.8088,3351.84108855522,11.5019314370192,0.1815696224514568,13884577.0,0.2535151707013467,1.61244609996212,743532.0,12,0.12784998934583422,1.0,0.13550135501355012,0
1992,CHN,428502354788.069,367.822651903542,14.2976226152779,1.6717846358815625,1164970000.0,21.2709086068627,1.2255362283362,9388250.0,244,2.5996164500319625,28.0,3.794037940379404,53
1992,CIV,11152971273.9383,844.902223806738,-0.244560610691636,0.04351286710996067,13200310.0,0.24102130320287715,3.99092066742327,318000.0,13,0.13850415512465375,0.0,0.0,0
1992,CMR,12071775335.0433,1005.44897647465,-3.10000321081914,0.04709754405648674,12006353.0,0.21922112789576712,2.86561545097735,472710.0,8,0.08523332623055614,0.0,0.0,0
1992,COD,8227343907.26679,209.726548794417,-10.5000085643684,0.032098650064793934,39228910.0,0.7162712854037806,3.37819074562411,2267050.0,17,0.1811208182399318,0.0,0.0,0
1992,COL,58418985443.3172,1730.39091795329,4.04492943933556,0.22791931296673856,33760571.0,0.616426191452569,1.98094862084333,1109500.0,49,0.5220541231621564,1.0,0.13550135501355012,1
1992,CRC,8579754953.07612,2612.38762395528,9.20110358278828,0.0334735675309777,3284258.0,0.059966481333731926,2.53101725222341,51060.0,16,0.17046665246111228,1.0,0.13550135501355012,0
1992,CRO,10621169290.9986,2321.15204123035,-11.7132905102592,0.041438063145698555,4575818.0,0.08354876647436181,-2.44385513691215,55910.0,39,0.4155124653739612,0.0,0.0,3
1992,CUB,22085858243.2432,2047.67900346421,-11.5806030812698,0.08616708419157605,10785801.0,0.19693536084432073,0.633956474992599,107400.0,176,1.8751331770722353,0.0,0.0,31
1992,CYP,6912150456.32334,11310.072265625,9.39999830664647,0.026967475918535697,810341.0,0.014795822511647277,1.41642910298543,9240.0,17,0.1811208182399318,0.0,0.0,0
1992,DEN,152966494259.538,29579.4913648682,2.0228112415746,0.5967926011380723,5171370.0,0.09442280800558947,0.330671401713551,40000.0,110,1.171958235670147,4.0,0.5420054200542005,6
1992,DOM,11605382504.0,1558.29782071075,11.2374641300752,0.04527793125737125,7447474.0,0.13598164657114448,2.00207035295166,48310.0,32,0.34093330492222457,0.0,0.0,0
1992,ECU,18094238119.0595,1655.44613192632,2.11431064978969,0.07059393944378024,10930128.0,0.19957059301897132,2.10568663668025,276840.0,13,0.13850415512465375,0.0,0.0,0
1992,EGY,41855986519.4235,680.79923864551,4.47285918408184,0.1632994414171801,61480660.0,1.1225606667550232,2.3894924999556,995450.0,75,0.7990624334114639,0.0,0.0,0
1992,ESA,5813399300.0,1040.78164082019,7.02196331575217,0.022680742645606655,5585609.0,0.10198629883402127,1.63408681572402,20720.0,4,0.04261666311527807,0.0,0.0,0
1992,ESP,630465353486.104,16100.6799428032,0.929215482921151,2.4597351207906453,39157685.0,0.7149708051634965,0.48975790543999,499440.0,422,4.4960579586618366,4.0,0.5420054200542005,22
1992,EUN,604198920366.2797,2136.3832609054257,-14.5310737729264,2.3572576925140822,282813918.0,5.163831688821825,0.0969789790408762,21313065.0,475,5.060728744939271,131.0,17.75067750677507,112
1992,FIJ,1532411039.05479,1951.25592930351,6.10000158039144,0.005978639795839997,785346.0,0.014339444784642691,0.727158824335362,18270.0,18,0.19177498401875134,0.0,0.0,0
1992,FIN,112537828510.751,22320.1124695857,-3.31137361706595,0.4390617940776508,5041992.0,0.09206052604662171,0.561909850746084,304590.0,88,0.9375665885361176,4.0,0.5420054200542005,5
1992,FRA,1389663073110.28,23615.0168565483,1.5160611169627,5.421714370337012,58846584.0,1.0744657030567903,0.498024782624795,538950.0,339,3.6117621990198168,16.0,2.168021680216802,29
1992,GAB,5592390827.39854,5385.68811745078,-3.09014565154393,0.021818487013248438,1038380.0,0.018959532073095524,2.69019023311537,257670.0,5,0.053270828894097594,0.0,0.0,0
1992,GAM,714254256.122189,623.485927783598,3.37868879121812,0.0027866341413425003,1145582.0,0.020916907751845102,4.06398984278952,10120.0,5,0.053270828894097594,0.0,0.0,0
1992,GBR,1179659529659.53,20487.1707852878,1.29472849604493,4.602394024722368,57580402.0,1.0513467887485637,0.270431182081877,241930.0,371,3.9526955039420413,24.0,3.252032520325203,20
1992,GEQ,134707183.84662,263.733547088944,34.7453200290652,0.0005255546388048056,510770.0,0.009326027270339375,3.69997148660368,28050.0,7,0.07457916045173663,0.0,0.0,0
1992,GER,2141377582968.07,26559.8543879632,2.01361340926105,8.354498179123874,80624598.0,1.4721052520863587,0.760346946721127,349130.0,463,4.932878755593437,142.0,19.241192411924118,82
1992,GHA,6416103925.83267,396.426407640517,3.87941908037517,0.02503217040833189,16184855.0,0.29551539655126297,2.48576941139296,227540.0,34,0.3622416364798636,0.0,0.0,1
1992,GRE,114608178405.434,11021.012224607,0.700000337119789,0.44713918059876306,10399061.0,0.18987396768001774,0.76388272245526,128900.0,70,0.7457916045173663,1.0,0.13550135501355012,2
1992,GRN,310160444.444444,3052.70018744163,-0.851148756391396,0.0012100784508800927,101602.0,0.0018551266180884178,0.79943112085571,340.0,4,0.04261666311527807,0.0,0.0,0
1992,GUA,10440781587.5435,1096.45976992698,4.83833884688683,0.04073428780404997,9522266.0,0.17386477747601747,2.65707563037112,107160.0,14,0.14915832090347325,0.0,0.0,0
1992,GUI,4789220416.70641,692.647802662806,3.2709473025656,0.01868495008495342,6914366.0,0.12624775510133207,3.19168243312344,245720.0,8,0.08523332623055614,0.0,0.0,0
1992,GUY,373573141.486811,498.156636569954,7.75788577607526,0.0014574805280231074,749911.0,0.013692445594548372,0.273740099309668,196850.0,6,0.06392499467291711,0.0,0.0,0
1992,HAI,2257129791.61575,316.276513134354,-5.30993292251178,0.008806100747521094,7136571.0,0.1303049430520844,1.997247117895,27560.0,7,0.07457916045173663,0.0,0.0,0
1992,HKG,104272507639.282,17976.4688629053,6.23502387210803,0.4068149784203898,5800500.0,0.10590994220804578,0.839650031457883,990.0,38,0.4048582995951417,0.0,0.0,0
1992,HON,4122846905.18198,782.111518709432,9.03523510162955,0.016085120735413506,5271431.0,0.09624979787323525,2.84070727716059,111890.0,10,0.10654165778819519,0.0,0.0,0
1992,HUN,38857339124.9084,3747.32966394956,-3.06418034558638,0.1516003396816575,10369341.0,0.18933131730808028,-0.0391365832684134,89870.0,217,2.3119539740038353,23.0,3.116531165311653,30
1992,INA,128026966579.964,673.67103954742,6.49750651682714,0.4994920408611615,190043744.0,3.4699632693803375,1.7332257161332,1811570.0,42,0.44747496271041975,1.0,0.13550135501355012,5
1992,IND,288208070278.013,319.182472626315,5.48239602167003,1.1244321494246112,902957070.0,16.486877183009458,2.12998519274824,2973190.0,52,0.554016620498615,0.0,0.0,0
1992,IRI,119768691216.667,1957.48507794252,3.29798191958058,0.46727271296956235,61184983.0,1.1171619711283964,1.9775061761777,1628760.0,36,0.3835499680375027,1.0,0.13550135501355012,3
1992,IRL,55918538121.3989,15714.3847487231,3.34327412603812,0.21816391869899487,3558430.0,0.06497252230865898,0.6822567779864,68890.0,58,0.6179416151715321,0.0,0.0,2
1992,IRQ,553671957.671958,30.2539012636825,32.5922111964051,0.0021601287876521578,18300845.0,0.3341507518849071,2.95901898094252,437370.0,8,0.08523332623055614,0.0,0.0,0
1992,ISL,7328497599.30768,28072.4041083276,-3.37389416853765,0.02859183748634705,261057.0,0.004766577326610777,1.25663207739645,100250.0,27,0.287662476028127,0.0,0.0,0
1992,ISR,79408652426.2417,15500.4201495689,7.75926624282712,0.3098096512162887,5123000.0,0.0935396317441287,3.45546689873163,21640.0,30,0.31962497336458556,0.0,0.0,2
1992,ITA,1323204350353.5,23297.0460325456,0.834275417393798,5.162428346856353,56797087.0,1.0370444275071715,0.0679244330808808,294110.0,304,3.2388663967611335,14.0,1.897018970189702,19
1992,JAM,3535460089.80719,1458.10146892635,1.95554250017773,0.013793454791713735,2424701.0,0.044272035648959714,0.987746266754911,10830.0,36,0.3835499680375027,2.0,0.27100271002710025,4
1992,JOR,5310833193.59005,1286.6347360596,14.3497760596895,0.020720001273189893,4127693.0,0.07536655927636499,5.28652677916716,88240.0,4,0.04261666311527807,0.0,0.0,0
1992,JPN,4064529567505.43,32666.5024513195,0.848069581218368,15.857597997104651,124425000.0,2.2718463165651404,0.371192387198527,364600.0,256,2.7274664393777965,14.0,1.897018970189702,22
1992,KEN,8209120763.04955,336.68139978696,-0.799493958641349,0.03202755320341284,24382460.0,0.44519350564433896,3.06483168454324,569140.0,49,0.5220541231621564,9.0,1.2195121951219512,8
1992,KOR,366921291824.719,8387.16308258471,6.35159199606441,1.4315286051432918,43747962.0,0.7987835750607333,1.03916135557339,96460.0,226,2.407841466013211,33.0,4.471544715447155,28
1992,KSA,137087850467.29,11730.2687665244,4.58058206179402,0.5348427135029263,11686676.0,0.213384222009164,4.60467680578702,2149690.0,9,0.09588749200937567,0.0,0.0,0
1992,KUW,19858555214.7239,12146.19505586,82.8093290262528,0.07747735135598251,1634961.0,0.02985236186921968,19.0478598691413,17820.0,32,0.34093330492222457,0.0,0.0,0
1992,LAO,1127806944.61513,247.345286150532,5.55985776817542,0.0044000932577852895,4559646.0,0.08325348579418104,2.769076698737,230800.0,6,0.06392499467291711,0.0,0.0,0
1992,LBA,33887047909.2746,7302.68908679226,-2.71227407954309,0.1322089491856512,4640352.0,0.08472707734591668,2.08945197161358,1759540.0,5,0.053270828894097594,0.0,0.0,0
1992,LES,831029861.704746,443.624297195576,6.95636495400254,0.003242229451560197,1873274.0,0.034203661939459486,1.6630030854951,30360.0,6,0.06392499467291711,0.0,0.0,0
1992,LIB,5843579160.90122,1559.38100628446,16.4383457045728,0.022798488154362747,3747371.0,0.068422350839084,2.1159367104979,10230.0,12,0.12784998934583422,0.0,0.0,0
1992,LIE,1631177029.45063,55057.1110625654,3.60829384387156,0.00636397131956769,29627.0,0.0005409523071800314,1.42092267625387,160.0,7,0.07457916045173663,0.0,0.0,0
1992,MAD,3714966678.33381,290.2120463948,1.18088494825233,0.01449379249904498,12800870.0,0.2337280237760033,3.00913797217694,581540.0,13,0.13850415512465375,0.0,0.0,0
1992,MAR,33711069430.78,1327.02954101563,-2.097738754022,0.13152237625715799,25212468.0,0.4603484232052761,1.65347397517767,446300.0,44,0.4687832942680588,3.0,0.4065040650406504,3
1992,MAS,59167550162.956,3141.43321987651,8.88511797832156,0.23083980799616283,18834572.0,0.3438959455276748,2.64753082839941,328550.0,26,0.2770083102493075,0.0,0.0,1
1992,MAW,2618837835.02508,258.393430877557,-7.33297833747964,0.01021729007446324,10135079.0,0.18505398347797233,2.91173826494271,94280.0,4,0.04261666311527807,0.0,0.0,0
1992,MDV,284875809.039634,1194.2325242813,6.67082544437399,0.0011114314667473339,238543.0,0.00435549958523125,2.86660285823986,300.0,7,0.07457916045173663,0.0,0.0,0
1992,MEX,363157832923.734,4220.56643677057,3.56861354412243,1.416845622195508,86044809.0,1.571071588396231,1.89386319441602,1943950.0,102,1.0867249094395908,2.0,0.27100271002710025,1
1992,MGL,1317611863.84977,607.813424662797,-9.25646570382904,0.005140609486565761,2167790.0,0.03958115914475986,0.112989877088484,1547438.742,33,0.3515874707010441,1.0,0.13550135501355012,2
1992,MLI,3680775036.92681,385.278654501558,-5.05918121761043,0.014360395190626301,9553540.0,0.1744358019622884,2.01579765286114,1220190.0,5,0.053270828894097594,0.0,0.0,0
1992,MLT,3021942758.83978,8220.33403924666,4.69093194898397,0.011789987658855573,367618.0,0.006712249139666818,1.03164027783494,320.0,6,0.06392499467291711,0.0,0.0,0
1992,MON,2737049230.70442,88614.926367223,1.36663952678862,0.010678487061771696,30887.0,0.0005639583458287924,0.851871454058648,2.027,2,0.021308331557639035,0.0,0.0,0
1992,MOZ,2798696511.18156,205.585216062094,-7.57664724880097,0.010919001437466403,13613316.0,0.24856228097920266,1.93755044660082,786380.0,6,0.06392499467291711,0.0,0.0,0
1992,MRI,3267677814.23984,3013.23706337167,6.51269858283476,0.012748713055635501,1084441.0,0.019800548855794395,1.31574311449685,2030.0,13,0.13850415512465375,0.0,0.0,0
1992,MTN,2164298425.48412,1036.47437808576,1.87412573649613,0.008443922920742261,2088135.0,0.03812675755065903,3.82669577865452,1030700.0,6,0.06392499467291711,0.0,0.0,0
1992,MYA,2411552288.76212,58.8896739558883,9.66094245346783,0.009408573885134185,40950342.0,0.7477025005809345,1.36750903862328,653540.0,4,0.04261666311527807,0.0,0.0,0
1992,NAM,3429521699.4026,2346.86242963741,7.18934252280525,0.013380140438946619,1461322.0,0.02668192889705127,3.17286989481137,823290.0,6,0.06392499467291711,0.0,0.0,2
1992,NCA,1792800000.0,411.473330661786,0.386346578416166,0.006994536813434373,4357026.0,0.0795538956743303,2.26057691432804,120340.0,8,0.08523332623055614,0.0,0.0,0
1992,NED,363497050125.313,23939.2173482108,1.70607100505794,1.418169064411145,15184166.0,0.27724405543269953,0.756056593396787,33760.0,201,2.1414873215427233,9.0,1.2195121951219512,15
1992,NEP,3401211581.29176,165.02959412726,4.10640661731669,0.013269689656193972,20609707.0,0.37630771093780824,2.82065681366559,143000.0,2,0.021308331557639035,0.0,0.0,0
1992,NGR,52058181853.8055,508.515905682785,4.63119294610988,0.20310289458774197,102372770.0,1.8691999231751684,2.62528760714312,910770.0,55,0.5859791178350735,0.0,0.0,4
1992,NIG,3386232579.22522,384.029657304316,2.00075236142851,0.013211249684427504,8817633.0,0.16099905205443624,3.11848225510655,1266700.0,3,0.031962497336458555,0.0,0.0,0
1992,NOR,129998873602.06,30328.210916818,3.56422602983729,0.507185356489631,4286401.0,0.07826437069054559,0.577180268126687,365244.0,83,0.88429575964202,5.0,0.6775067750677507,7
1992,NZL,41649829859.6342,11793.1392416214,1.10092234546755,0.16249512953284784,3531700.0,0.06448446563161025,1.04173538422176,263310.0,134,1.4276582143618155,13.0,1.7615176151761518,10
1992,OMA,14183615084.5254,7317.78815838166,8.41388425937097,0.055336801570892456,1938238.0,0.03538982407817227,4.57977744514796,309500.0,5,0.053270828894097594,0.0,0.0,0
1992,PAK,48884671947.4657,395.67720859593,7.70589781716029,0.19072157382263022,123546848.0,2.2558123492226905,2.86254207102062,770880.0,27,0.287662476028127,1.0,0.13550135501355012,1
1992,PAN,8042337700.0,3139.89952899581,8.20167952936097,0.03137685581700197,2561336.0,0.04676682143528785,2.09377182912446,74340.0,5,0.053270828894097594,0.0,0.0,0
1992,PAR,7157424031.06045,1682.67444777611,1.69642801124701,0.02792440086714199,4253600.0,0.07766546507648367,2.60163442704891,397300.0,27,0.287662476028127,0.0,0.0,0
1992,PER,35966302303.263,1567.40910765128,-0.540509124723926,0.14032107625127316,22946340.0,0.4189717340377846,2.0364508690957,1280000.0,16,0.17046665246111228,1.0,0.13550135501355012,1
1992,PHI,60422328242.1803,916.515694532029,0.417629066097945,0.2357352740090057,65926125.0,1.2037293489786058,2.36968384705809,298170.0,26,0.2770083102493075,1.0,0.13550135501355012,1
1992,PNG,4377980510.05598,1050.7071689258,13.8490852689481,0.017080514193487696,4166699.0,0.07607876050139163,3.53853521817667,452860.0,13,0.13850415512465375,0.0,0.0,0
1992,POL,94337050693.2727,2459.02068468253,2.51497861350261,0.36805219430216446,38363667.0,0.7004730204049157,0.306681390812185,306290.0,201,2.1414873215427233,16.0,2.168021680216802,19
1992,POR,107592098307.098,10810.5665079626,1.08947689832507,0.4197662273782056,9952494.0,0.1817202076313977,-0.0777492667122609,91500.0,90,0.9588749200937566,1.0,0.13550135501355012,0
1992,PUR,34630430000.0,9659.33889995916,4.56405181441349,0.13510922439762502,3585176.0,0.065460871125881,0.645450037357204,8870.0,71,0.7564457702961858,0.0,0.0,1
1992,QAT,7646153846.15385,16280.293589053,11.3305277401187,0.02983116050764498,469657.0,0.008575354836238972,3.20283512184474,11610.0,28,0.2983166418069465,0.0,0.0,1
1992,ROU,25121666666.6667,1102.10378473246,-8.7672284522824,0.09801116818096128,22794284.0,0.41619537990066074,-0.9034629284532,229460.0,173,1.8431706797357768,24.0,3.252032520325203,18
1992,RSA,146956150986.636,3462.39400202835,-2.13703284500521,0.5733434895340503,42443509.0,0.7749658797166918,1.79631209038171,1213090.0,93,0.9908374174302153,0.0,0.0,2
1992,RWA,2029026961.55894,264.083914517464,5.87272524167311,0.007916166765994475,7683266.0,0.14028691630532594,2.05526782083456,24670.0,10,0.10654165778819519,0.0,0.0,0
1992,SAM,132303041.36253,776.740824409711,-0.199987145070338,0.0005161749739734195,170331.0,0.0031100329913349963,0.566974044499184,2830.0,5,0.053270828894097594,0.0,0.0,0
1992,SEN,7769817839.95644,951.204960087807,1.32023303661357,0.03031363058637576,8168395.0,0.14914477068916304,2.79707003044845,192530.0,20,0.21308331557639038,1.0,0.13550135501355012,0
1992,SEY,461409398.855893,6520.48950519188,7.17304395387974,0.0018001701396486878,70763.0,0.0012920446927795783,0.458917817927268,460.0,11,0.1171958235670147,0.0,0.0,0
1992,SGP,52131320032.8797,16136.2405377661,6.63980556949564,0.20338824024035354,3230698.0,0.05898854210355126,3.00425639462047,670.0,14,0.14915832090347325,0.0,0.0,0
1992,SLE,679940813.948366,163.197571684381,-19.012909778472,0.0026527616321499205,4166366.0,0.07607268033403446,-1.89960509806835,72180.0,11,0.1171958235670147,0.0,0.0,0
1992,SLO,14277261540.7456,7151.15243829224,-5.46369702570964,0.05570215943874155,1996498.0,0.036453579484264975,-0.14669940294923,20140.0,35,0.37289580225868313,0.0,0.0,2
1992,SOL,269034595.812985,763.857968549522,12.6999978113729,0.0010496276129525661,352205.0,0.006430826858957808,3.01690308400192,27990.0,1,0.010654165778819518,0.0,0.0,0
1992,SRI,9703011635.86585,579.655117618283,4.39999125181939,0.03785590812597377,16739284.0,0.3056385830607819,1.58927250831319,62710.0,11,0.1171958235670147,0.0,0.0,0
1992,SUI,284139428246.338,41327.1832947809,-1.15859267203984,1.108558506814595,6875364.0,0.12553562691134876,1.10252107229095,39529.43,102,1.0867249094395908,4.0,0.5420054200542005,1
1992,SUR,404600000.0,968.895253466926,0.400000008536168,0.001578530563763692,417589.0,0.007624657677220177,0.618785018405407,160507.61,6,0.06392499467291711,1.0,0.13550135501355012,1
1992,SWE,283908914454.48,32753.4287003642,-1.15859275987265,1.1076591665629465,8668067.0,0.158268162231785,0.586529928761034,407339.7,187,1.99232900063925,11.0,1.4905149051490514,12
1992,SWZ,1284759927.54594,1361.8169795148,3.22620638317446,0.005012438983514811,943416.0,0.017225607109412244,3.80548239176343,17200.0,6,0.06392499467291711,0.0,0.0,0
1992,SYR,13253565861.1424,990.138251191708,12.972790068566,0.05170825207777641,13385571.0,0.24440393949343914,3.07043753248059,183780.0,8,0.08523332623055614,0.0,0.0,0
1992,TAN,6681997469.31292,250.329925537109,0.584322131924068,0.02606954333243225,27457588.0,0.5013415323252015,2.49709386912698,885800.0,9,0.09588749200937567,0.0,0.0,0
1992,TGA,137066290.550071,1370.36142598699,0.251973395838817,0.0005347585983564053,100022.0,0.001826277775973305,0.127052743972781,720.0,5,0.053270828894097594,0.0,0.0,0
1992,THA,111452746517.655,1971.60879910694,8.08338802345332,0.4348283904931434,56528834.0,1.0321464601376111,1.58945961673195,510890.0,46,0.4900916258256979,1.0,0.13550135501355012,1
1992,TOG,2390796915.91958,607.946006940374,-3.98068681380465,0.009327597636013424,3932581.0,0.07180405593284353,2.83557163245535,54390.0,6,0.06392499467291711,0.0,0.0,0
1992,TTO,5439552941.17647,4277.47436935604,10.092979512969,0.021222196171175833,1271674.0,0.02321919142271777,0.750088861459708,5130.0,7,0.07457916045173663,0.0,0.0,0
1992,TUN,15496708060.4184,1784.81850188268,7.80572887722397,0.060459780798550695,8682512.0,0.15853191003200828,2.10298061493524,155360.0,13,0.13850415512465375,0.0,0.0,0
1992,TUR,159104772991.851,2743.65320297936,5.03563493261181,0.6207408477714307,57990118.0,1.0588276952017508,1.70479077867469,769630.0,41,0.43682079693160025,2.0,0.27100271002710025,6
1992,UAE,54239188745.5001,25648.2807476605,3.34528166209122,0.21161200491477897,2114730.0,0.03861234929499537,5.24724401080608,71020.0,13,0.13850415512465375,0.0,0.0,0
1992,UGA,2857457761.90922,152.113542415537,3.41835689468401,0.01114825608462061,18785032.0,0.34299140651604015,3.40647506748478,199810.0,8,0.08523332623055614,0.0,0.0,0
1992,URU,12878148790.7348,4101.71054155291,7.93158841395443,0.05024357753551981,3139702.0,0.05732706790285075,0.554068643934089,175020.0,16,0.17046665246111228,0.0,0.0,0
1992,USA,6520327000000.0,25418.9907763319,3.52249717254271,25.438792524057398,256514000.0,4.683627776149411,1.38688569247935,9158960.0,545,5.806520349456638,94.0,12.737127371273713,108
1992,VAN,209088824.608438,1343.68942861831,2.58541372753479,0.0008157516069842941,155608.0,0.002841209255600308,2.48222737130955,12190.0,6,0.06392499467291711,0.0,0.0,0
1992,VEN,60416519620.0849,2907.30334439434,6.01092896174865,0.23571261190443102,20780948.0,0.37943435940150066,2.31745661857209,882050.0,26,0.2770083102493075,0.0,0.0,0
1992,VIE,9866990236.43587,144.549392371677,8.64604745934572,0.03849566401525447,68260337.0,1.246349167618607,2.02528655896492,325490.0,7,0.07457916045173663,0.0,0.0,0
1992,VIN,277955555.555556,2470.51840791008,6.37794062708292,0.0010844323771931836,112509.0,0.0020542749224868586,0.255416614554016,390.0,6,0.06392499467291711,0.0,0.0,0
1992,YEM,17959367194.005,1198.13031674085,8.20759813722687,0.07006774597526413,14989494.0,0.2736895859439443,3.80262537048437,527970.0,8,0.08523332623055614,0.0,0.0,0
1992,ZAM,3182810841.01704,389.254665832226,-1.73092217352566,0.01241760798621804,8176680.0,0.14929604452265904,2.41410432516202,743390.0,9,0.09588749200937567,0.0,0.0,0
1992,ZIM,6755000000.0,631.149149280088,-9.01556538665926,0.02635435975833846,10702700.0,0.19541803956039164,2.82272702015968,386850.0,19,0.20242914979757085,0.0,0.0,0
1996,ALB,3234486232.04392,1020.97618050188,7.33632894771891,0.010087323510357982,3168033.0,0.054411792890737845,-0.62151139901728,27400.0,7,0.06770480704129993,0.0,0.0,0
1996,ALG,46941554225.3581,1616.83198721285,4.09999847167964,0.14639562810906692,29033044.0,0.4986501015348259,1.95770195001196,2381740.0,45,0.4352451881226424,2.0,0.24600246002460024,3
1996,AND,1224024139.21295,19130.1597151312,4.64973866754707,0.003817338084300995,63984.0,0.0010989418848607229,0.112591492472177,470.0,8,0.07737692233291421,0.0,0.0,0
1996,ANG,7526421519.16979,531.115366543271,13.544369755809,0.02347249092824543,14170973.0,0.24339015658493393,3.3816089218138,1246700.0,28,0.2708192281651997,0.0,0.0,0
1996,ANT,679140740.740741,9756.08717951992,6.6049448827643,0.0021180218029825853,69612.0,0.0011956042524525607,2.06537047537748,440.0,13,0.12573749879098559,0.0,0.0,0
1996,ARG,272149750000.0,7663.21271287469,5.52668982715234,0.8487476447776606,35513793.0,0.6099586555697291,1.25745217924583,2736690.0,179,1.7313086371989554,1.0,0.12300123001230012,3
1996,ARM,1596968946.23708,487.068624404558,5.86540074943565,0.004980433132500707,3278735.0,0.05631312860807111,-0.87594292287609,28470.0,32,0.30950768933165684,0.0,0.0,2
1996,ARU,1379888268.15642,16620.9545555513,1.18578851134656,0.004303428232633271,83021.0,0.0014259073240657364,3.95074287081186,180.0,3,0.02901634587484283,0.0,0.0,0
1996,AUS,401962517479.122,22055.838490507,3.86567479160071,1.2535919654502865,18224767.0,0.313015125627149,1.21385498322201,7682300.0,417,4.033272076603153,27.0,3.321033210332103,41
1996,AUT,235952581232.129,29645.9451251491,2.21576713087359,0.7358603033806908,7959017.0,0.1366981924171439,0.135019833748789,82520.0,72,0.6963923009962278,2.0,0.24600246002460024,3
1996,AZE,3176507376.31836,409.185543774103,1.29999940463827,0.009906506084496032,7763000.0,0.13333154932754737,1.01179991660887,83217.0,23,0.22245865170712834,0.0,0.0,1
1996,BAH,3609000000.0,11783.797197226,4.22353036224139,0.011255311643690936,306268.0,0.005260232764324266,1.58198810753699,10010.0,26,0.25147499758197117,1.0,0.12300123001230012,1
1996,BAN,46438484107.5795,371.917937677345,4.52291921684423,0.14482671401812028,124862179.0,2.144540484153491,1.82805195849607,130170.0,4,0.038688461166457105,0.0,0.0,0
1996,BAR,2363645403.47039,9011.77884838722,3.97647593869304,0.007371450715222177,262284.0,0.00450479609478635,0.0934538510922293,430.0,13,0.12573749879098559,0.0,0.0,0
1996,BDI,869033856.317093,143.156741187159,-7.99999999794093,0.0027102374291403195,6070506.0,0.10426252353241947,0.0690460841637087,25680.0,7,0.06770480704129993,0.0,0.0,1
1996,BEN,2361116449.39308,369.394384135736,4.32428403131786,0.007363563719857062,6391858.0,0.1097818279301402,2.6166771873555,112760.0,5,0.04836057645807138,0.0,0.0,0
1996,BER,2695390000.0,45063.6149332085,2.60047542898441,0.008406055542058219,59813.0,0.0010273038722051514,0.480983673904791,54.0,9,0.08704903762452848,0.0,0.0,0
1996,BHU,303408345.620078,552.873891403681,5.56517288179062,0.0009462331629954746,548784.0,0.009425508304285554,0.144970771387412,39800.0,2,0.019344230583228553,0.0,0.0,0
1996,BIH,2786045321.63743,718.933797141505,54.199300436288,0.008688780368100979,3875246.0,0.06655836058294225,4.20786610562907,51200.0,9,0.08704903762452848,0.0,0.0,0
1996,BIZ,850339100.0,4043.26517997242,1.10530578663676,0.002651934489696778,210310.0,0.0036121290917269728,2.97472085581548,22810.0,5,0.04836057645807138,0.0,0.0,0
1996,BLR,14500437519.8258,1427.26896385327,2.80000456599095,0.04522220649917103,10159569.0,0.17449324684659553,-0.336671341030207,202854.0,157,1.5185221007834413,0.0,0.0,15
1996,BOL,7396949126.35685,922.113259069714,4.36134197138718,0.02306870812681456,8021736.0,0.13777540759713547,1.85028162992902,1083300.0,8,0.07737692233291421,0.0,0.0,0
1996,BOT,4847757217.75815,3156.26865681161,5.82980001379714,0.015118597467115568,1535914.0,0.026379723464365658,2.44368367103611,566730.0,7,0.06770480704129993,0.0,0.0,0
1996,BRA,850426432991.742,5179.13052002464,2.20886405039022,2.652206853243143,164202549.0,2.820221597539935,1.51410759163045,8358140.0,221,2.137537479446755,3.0,0.36900369003690037,15
1996,BRN,6938166755.31915,12091.7802188235,4.11000631738246,0.02163791329094292,573792.0,0.009855027225525193,2.63339695459039,710.0,5,0.04836057645807138,0.0,0.0,0
1996,BRU,7663377306.04996,25692.2357348562,-0.027315465853718,0.023899612031804098,298276.0,0.005122968080281273,2.40260865216409,5270.0,1,0.009672115291614276,0.0,0.0,0
1996,BUL,12295588923.8007,1470.26721873691,5.20547920578709,0.03834599201443372,8362826.0,0.14363371729185828,-0.515729879636827,110630.0,110,1.0639326820775703,16.0,1.968019680196802,15
1996,BUR,2586550595.41013,242.733171352672,11.014743869558,0.008066620402747398,10655942.0,0.1830185825588669,2.55894111772828,273600.0,5,0.04836057645807138,0.0,0.0,0
1996,CAF,1007791127.09913,293.306575328658,-4.00009296364789,0.0031429767822796486,3435965.0,0.05901359485833136,2.59191336397251,622980.0,5,0.04836057645807138,0.0,0.0,0
1996,CAM,3506695719.57259,324.655870983004,5.89750560694478,0.01093625745729746,10801270.0,0.18551462885548856,7.52306354037061,176520.0,5,0.04836057645807138,0.0,0.0,0
1996,CAN,630607994132.747,21296.9723536904,1.68896122145787,1.9666637569872243,29610218.0,0.5085632154922621,1.04531178311831,8965590.0,303,2.9306509333591255,18.0,2.2140221402214024,22
1996,CGO,2540697539.05773,898.794050151577,4.29048155870402,0.007923619449834685,2826785.0,0.04855076950481399,2.77351309990398,341500.0,5,0.04836057645807138,0.0,0.0,0
1996,CHA,1607345355.78298,216.912541056484,2.21447303497622,0.005012793820553263,7410108.0,0.12727053720526257,4.429169919678,1259200.0,4,0.038688461166457105,0.0,0.0,0
1996,CHI,78584098983.6374,5333.50438729711,7.1148626270751,0.24507856034898728,14734046.0,0.2530610821903069,1.41256567140629,743532.0,21,0.2031144211238998,0.0,0.0,0
1996,CHN,868523936530.083,713.337387811657,9.97328781228394,2.70864715313143,1217550000.0,20.91173874581416,1.04814151412165,9388230.0,294,2.843601895734597,53.0,6.519065190651906,50
1996,CIV,18071152830.6101,1170.23622049666,7.72932741916973,0.05635812049578395,15442312.0,0.265225735432098,3.87367317960594,318000.0,11,0.10639326820775703,0.0,0.0,0
1996,CMR,11093538846.4483,826.965322327363,4.21507214953058,0.034597183970121154,13414757.0,0.23040194958940635,2.69148816728723,472710.0,15,0.14508172937421415,0.0,0.0,0
1996,COD,5771456952.1908,127.416132828292,-1.02317264257401,0.017999320209214218,45296124.0,0.7779727413954274,1.92231853470865,2267050.0,14,0.13540961408259986,0.0,0.0,0
1996,COL,97160109277.8087,2664.64056059983,2.05585471287195,0.30301116909304626,36462745.0,0.6262571536242795,1.82129460113512,1109500.0,48,0.46426153399748527,1.0,0.12300123001230012,0
1996,COM,392488148.725187,786.380773511866,-0.510368828932258,0.001224044452855998,499107.0,0.008572292875206002,1.72199066913724,1861.0,4,0.038688461166457105,0.0,0.0,0
1996,CPV,501979269.843942,1179.51522705182,11.3465247642174,0.001565512086662786,425581.0,0.0073094646521147675,1.77250887678015,4030.0,3,0.02901634587484283,0.0,0.0,0
1996,CRC,11678424726.7825,3226.96401664833,1.35045951266757,0.03642125514195711,3619013.0,0.06215749199105181,2.34382507825926,51060.0,11,0.10639326820775703,0.0,0.0,1
1996,CRO,24151469716.5173,5299.74887884048,6.11143125777198,0.07532067561999618,4557097.0,0.0782693293115958,-1.37154005901268,55980.0,84,0.8124576844955992,3.0,0.36900369003690037,2
1996,CUB,25017368700.0,2282.18809324202,7.83874965899149,0.07802113638781358,10962010.0,0.18827538027103796,0.334878342165694,107400.0,164,1.5862269078247413,31.0,3.8130381303813037,25
1996,CYP,10011914680.0502,15139.220703125,1.24854147527125,0.031223945656417073,880290.0,0.01511921029982567,2.01901883303889,9240.0,17,0.1644259599574427,0.0,0.0,0
1996,CZE,67804105329.8557,6573.19643136362,4.16858426915319,0.2114592231114357,10315241.0,0.17716695404058214,-0.11638129923463,77270.0,115,1.1122932585356418,7.0,0.8610086100861009,11
1996,DEN,187481157845.724,35621.9878051732,2.89575069230459,0.584693504813975,5263074.0,0.09039466838149325,0.565926341934592,40000.0,119,1.1509817197020988,6.0,0.7380073800738007,6
1996,DMA,292285185.185185,4210.99532034556,3.10419572470771,0.000911543598806643,69410.0,0.0011921348497778003,-0.0849660546943118,750.0,6,0.05803269174968566,0.0,0.0,0
1996,DOM,18241622547.5908,2270.86558687203,5.96119319380874,0.0568897607813006,8032894.0,0.13796704915676405,1.81876652347671,48310.0,16,0.15475384466582842,0.0,0.0,0
1996,ECU,25226393196.5983,2135.8479374308,1.73174762607862,0.07867301664560783,11810950.0,0.20285614614584513,1.88400623342994,276840.0,19,0.18377019054067126,0.0,0.0,1
1996,EGY,67629716981.1321,1008.97637629447,4.98873056512208,0.21091536187233548,67028048.0,1.1512242030453708,2.07336196347662,995450.0,29,0.280491343456814,0.0,0.0,0
1996,ESA,9586327800.0,1651.31016800895,0.811461899328009,0.029896676893205354,5805286.0,0.09970730087202373,0.746151024345767,20720.0,8,0.07737692233291421,0.0,0.0,0
1996,ESP,642251412058.321,16100.6215831114,2.60741117110229,2.002975837161808,39889852.0,0.6851186100227443,0.416515798212804,499440.0,289,2.795241319276526,22.0,2.706027060270603,17
1996,EST,4786018988.16491,3380.92630243199,4.94301226131752,0.014926055761822784,1415594.0,0.024313196088983653,-1.47536463752721,42390.0,43,0.41590095753941386,2.0,0.24600246002460024,0
1996,ETH,8761215548.48614,147.327458851964,12.4261737814951,0.027323416840056004,59467635.0,1.0213721382706535,3.2998173533243,1000000.0,18,0.17409807524905696,3.0,0.36900369003690037,3
1996,FIJ,2128696643.62574,2648.32766264,4.80000119270963,0.006638721008281133,803789.0,0.013805285675955169,0.629379907071343,18270.0,17,0.1644259599574427,0.0,0.0,0
1996,FIN,131991975148.848,25756.6777073618,3.66265716987186,0.41164056934513543,5124573.0,0.08801587759012205,0.328037913627481,304590.0,76,0.735080762162685,5.0,0.6150061500615006,4
1996,FRA,1598889216566.23,26757.6351494145,1.39707987198881,4.986421838789074,59754504.0,1.0262991881513754,0.357448008376034,538950.0,299,2.8919624721926684,29.0,3.5670356703567037,37
1996,GAB,5694040002.89863,4942.67870027615,3.62504902027987,0.017757881613817382,1152015.0,0.01978615803150515,2.53192547257579,257670.0,7,0.06770480704129993,0.0,0.0,0
1996,GAM,848239446.21576,651.784945724837,2.22354563838627,0.0026453863440371837,1301410.0,0.022352056113662686,2.89194004292625,10120.0,9,0.08704903762452848,0.0,0.0,0
1996,GBR,1425287051482.06,24503.3829602903,2.61491606949487,4.445012453906332,58166950.0,0.9990325342210462,0.254626384215086,241930.0,300,2.9016345874842826,20.0,2.4600246002460024,15
1996,GBS,702965147.568054,614.729892454585,11.6000000043869,0.0021923224745169392,1143535.0,0.019640511820208283,2.08411932394768,28120.0,3,0.02901634587484283,0.0,0.0,0
1996,GEO,3094936177.1918,689.034634153312,11.2025463861501,0.009652111718378271,4491699.0,0.07714610160801175,-3.62954607972126,69490.0,34,0.3288519199148854,0.0,0.0,2
1996,GEQ,232463022.802961,391.686868235732,66.5799972215897,0.0007249774916269767,593492.0,0.010193379862618156,3.8172285032395,28050.0,5,0.04836057645807138,0.0,0.0,0
1996,GER,2506576553158.31,30599.7891048363,1.0378755674358,7.817207055850767,81914831.0,1.4069085830393155,0.289474899455448,349090.0,466,4.507205725892253,82.0,10.08610086100861,65
1996,GHA,6932991739.37767,389.271267898831,4.60246115564627,0.021621774078645215,17810181.0,0.3058945029671579,2.33565497080505,227540.0,35,0.33852403520649965,1.0,0.12300123001230012,0
1996,GRE,142502984144.96,13432.5262183244,1.38247057325857,0.44442102984413223,10608800.0,0.18220890641582954,0.44067053086068,128900.0,121,1.1703259502853274,2.0,0.24600246002460024,8
1996,GRN,366911444.444444,3508.294236637,4.43823471603358,0.0011442789284729872,104584.0,0.0017962574719660202,0.686008648507177,340.0,5,0.04836057645807138,0.0,0.0,0
1996,GUA,15674835615.3139,1481.05986750672,2.95777988740716,0.0488847768949803,10583526.0,0.1817748188752261,2.58937937554223,107160.0,26,0.25147499758197117,0.0,0.0,0
1996,GUI,5641243099.76661,726.025442583799,4.46157508517599,0.017593225033442583,7770035.0,0.13345237728703718,2.82968670530382,245720.0,5,0.04836057645807138,0.0,0.0,0
1996,GUY,705406001.424501,927.523847211669,7.95551754125103,0.0021999347135945274,760526.0,0.01306223236942964,0.281517111831782,196850.0,7,0.06770480704129993,0.0,0.0,0
1996,HAI,2907517603.76719,377.229465025972,4.14077332856783,0.00906761339426911,7707557.0,0.13237930134489026,1.89933701618306,27560.0,7,0.06770480704129993,0.0,0.0,0
1996,HKG,159718183550.734,24818.3021600084,4.25847572892732,0.49810970657460313,6435500.0,0.1105313906604961,4.43860779481101,1050.0,23,0.22245865170712834,0.0,0.0,1
1996,HON,4798834459.45946,812.817047602244,22.957391093437,0.014966023099944407,5903954.0,0.10140194950129726,2.82263280263084,111890.0,7,0.06770480704129993,0.0,0.0,0
1996,HUN,46833767123.6915,4542.0120380978,0.101234227633242,0.14605947476453163,10311238.0,0.17709820147173527,-0.171771608629025,89860.0,213,2.0601605571138406,30.0,3.690036900369004,21
1996,INA,227369679374.973,1118.92133024129,7.81818707670867,0.7090929896623466,203204348.0,3.490087665713526,1.64546182640737,1811570.0,40,0.38688461166457105,5.0,0.6150061500615006,4
1996,IND,392896866204.516,401.046754673579,7.54952224888829,1.2253191113774922,979678458.0,16.826232983120256,1.99775909414655,2973190.0,49,0.47393364928909953,0.0,0.0,1
1996,IRI,120403931885.441,1914.78121294313,6.35052601873645,0.3755011849532764,62881300.0,1.0800027248139,1.08043248596744,1628760.0,18,0.17409807524905696,3.0,0.36900369003690037,3
1996,IRL,75790786290.3226,20835.8977130847,7.37962465765875,0.23636711538319738,3637510.0,0.06247518278944311,0.791271346994459,68890.0,78,0.7544249927459136,2.0,0.24600246002460024,4
1996,IRQ,10433698621.3427,485.258492784825,11.0207856442117,0.03253935427530079,21501321.0,0.36929079499148915,3.19188913877724,437370.0,3,0.02901634587484283,0.0,0.0,0
1996,ISL,7686566105.26316,28583.5208959793,4.49765336794034,0.023971930447372825,268916.0,0.004618702424187393,0.539913016609299,100250.0,9,0.08704903762452848,0.0,0.0,0
1996,ISR,115051957577.467,20212.9229756617,5.83892253875895,0.35881009635663613,5692000.0,0.09776158428087076,2.61650594252757,21640.0,25,0.2418028822903569,2.0,0.24600246002460024,1
1996,ITA,1314776508972.27,23122.9337219116,1.34558477192847,4.100365572260158,56860281.0,0.9765901534110144,0.0281044080072756,294110.0,340,3.288519199148854,19.0,2.337023370233702,35
1996,JAM,7393891920.80358,2928.89692611996,-0.113731205844019,0.023059173684791597,2524463.0,0.04335831031947292,0.96772367916816,10830.0,46,0.44491730341425667,4.0,0.4920049200492005,6
1996,JOR,6927503526.09309,1410.17424189419,2.08702078168048,0.02160465810444599,4912516.0,0.08437374331783663,3.32004503110433,88240.0,5,0.04836057645807138,0.0,0.0,0
1996,JPN,5021441618840.38,39929.7185750327,3.07546731409349,15.66026331965874,125757000.0,2.1599092681675094,0.226884732460898,364500.0,306,2.9596672792339684,22.0,2.706027060270603,14
1996,KAZ,21035357936.8796,1281.39152895397,0.500000002073506,0.06560252400004642,16416027.0,0.28194954446900033,-1.89774390163026,2699700.0,96,0.9285230679949705,0.0,0.0,11
1996,KEN,12045865396.1323,440.527078880876,4.14683926876013,0.03756718455290153,27344211.0,0.46964395436936285,2.75278021555245,569140.0,52,0.5029499951639423,8.0,0.984009840098401,8
1996,KGZ,1827570586.16784,394.856879614212,7.08450239536558,0.005699605568900515,4628438.0,0.07949462958991302,1.47972661930702,191800.0,33,0.3191798046232711,0.0,0.0,0
1996,KOR,631196863758.281,13864.9376534518,7.99042982526839,1.968500252180599,45524681.0,0.7818982674703541,0.952779421852704,96460.0,303,2.9306509333591255,28.0,3.4440344403444034,27
1996,KSA,158662483311.081,11471.5045960191,3.30468254228352,0.49481731666060647,13831009.0,0.2375511862338338,3.99580388744035,2149690.0,29,0.280491343456814,0.0,0.0,0
1996,KUW,31492373308.7516,18201.0958607918,0.605127158807079,0.09821459572996773,1730246.0,0.02971742623957124,2.85696115718215,17820.0,25,0.2418028822903569,0.0,0.0,0
1996,LAO,1873671550.34636,371.341879197673,6.9283237283322,0.005843379666684908,5045678.0,0.0866608353919774,2.33129326891339,230800.0,5,0.04836057645807138,0.0,0.0,0
1996,LAT,5799465288.41246,2360.1714816213,2.29996103802466,0.018086669212482732,2457222.0,0.04220342861029688,-1.12637509582344,62227.0,47,0.454589418705871,3.0,0.36900369003690037,1
1996,LBA,27884615384.6154,5591.02027544558,2.13412320029278,0.08696315772189114,4987393.0,0.08565977531822291,1.628256686488,1759540.0,5,0.04836057645807138,0.0,0.0,0
1996,LBR,159400000.0,71.4065248720036,12.1212036605122,0.0004971173942932489,2232289.0,0.03834014568038663,2.86865985716056,96320.0,5,0.04836057645807138,0.0,0.0,0
1996,LCA,788888888.888889,5244.01665086076,2.92258795742219,0.002460291021526605,150436.0,0.002583777528615087,1.49210520637537,610.0,6,0.05803269174968566,0.0,0.0,0
1996,LES,946112492.844847,479.671394625707,5.59703605867827,0.002950620935704645,1972418.0,0.03387679348982898,1.06941770060456,30360.0,9,0.08704903762452848,0.0,0.0,0
1996,LIB,13690217333.5879,3393.05090749359,11.2859357161668,0.042695390013685615,4034781.0,0.06929841580926845,1.85224110517078,10230.0,1,0.009672115291614276,0.0,0.0,0
1996,LIE,2504012993.42238,80688.7182490376,6.90530179973636,0.0078092121365531475,31033.0,0.0005329998673556329,0.831598896867056,160.0,2,0.019344230583228553,0.0,0.0,0
1996,LTU,8430207164.43677,2340.67545970008,5.02694376847307,0.0262911080234447,3601613.0,0.06185864245372097,-0.760343408174495,62680.0,61,0.5899990327884709,2.0,0.24600246002460024,1
1996,MAD,4931861038.70763,339.877283663608,2.15420447175147,0.015380890267118776,14510711.0,0.2492252453271009,3.2173927391356,581540.0,11,0.10639326820775703,0.0,0.0,0
1996,MAR,43161571527.6353,1596.83239746094,12.3728762700496,0.13460707635771482,26808107.0,0.4604362283715919,1.53619606424248,446300.0,34,0.3288519199148854,3.0,0.36900369003690037,2
1996,MAS,100855393910.486,4837.16897250768,10.0027006861844,0.31453557478795485,20850087.0,0.35810568122171255,2.52310298452386,328550.0,35,0.33852403520649965,1.0,0.12300123001230012,2
1996,MAW,3319573749.6119,320.662735559137,7.3166817822397,0.010352684144111278,10352228.0,0.17780221541053937,1.97165297305688,94280.0,2,0.019344230583228553,0.0,0.0,0
1996,MDA,1695122173.91304,575.145455139019,-5.87706028626823,0.0052865415188479165,2947293.0,0.05062052582922003,-0.200220624729015,32930.0,40,0.38688461166457105,0.0,0.0,2
1996,MDV,450382327.952421,1716.74281753716,7.85864699857959,0.0014045977999211732,262347.0,0.004505878136214617,2.19586623197496,300.0,6,0.05803269174968566,0.0,0.0,0
1996,MEX,432157945024.428,4674.36792733681,6.21829715869302,1.3477618039753372,92452702.0,1.5878992653842636,1.73503044582092,1943950.0,98,0.9478672985781991,1.0,0.12300123001230012,1
1996,MGL,1345719472.35883,595.5810149554,2.23509384338665,0.004196866734935429,2259507.0,0.038807621927919436,1.54144516833781,1547438.742,16,0.15475384466582842,2.0,0.24600246002460024,1
1996,MKD,4642021256.30689,2306.53366957635,1.18510388873231,0.014476973094034847,2012553.0,0.03456612258067802,0.699015358344186,25430.0,11,0.10639326820775703,0.0,0.0,0
1996,MLI,3743103419.72181,359.662096056414,6.36569576896082,0.011673537130378012,10407278.0,0.1787477135157154,2.15534830365536,1220190.0,3,0.02901634587484283,0.0,0.0,0
1996,MLT,3822547151.38465,10061.8500714248,3.77733599690488,0.01192129660890476,379905.0,0.006524967441360542,0.656524533590292,320.0,7,0.06770480704129993,0.0,0.0,0
1996,MON,3137886994.52207,98561.0137425657,1.11073179729593,0.009786061520097148,31837.0,0.0005468087770116096,0.71872452628236,2.027,3,0.02901634587484283,0.0,0.0,0
1996,MOZ,4030146134.5706,244.362651012498,10.6959109797718,0.01256873114829828,16492480.0,0.28326264468035406,3.2785719951388,786380.0,3,0.02901634587484283,0.0,0.0,1
1996,MRI,4481489761.54368,3951.94494649336,5.5878439266625,0.013976326931056887,1133996.0,0.019476677007760068,1.02276454116174,2030.0,26,0.25147499758197117,0.0,0.0,0
1996,MTN,2132087009.28942,904.120879798142,5.81882663043594,0.006649294469664005,2358188.0,0.04050249383558293,1.97732237962951,1030700.0,4,0.038688461166457105,0.0,0.0,0
1996,MYA,6123556716.81329,141.897267580367,6.44271534713997,0.019097406266431274,43154860.0,0.7411959738262787,1.28154909567186,653540.0,3,0.02901634587484283,0.0,0.0,0
1996,NAM,3989163196.56767,2423.3982907313,3.19132430111469,0.012440918530039194,1646103.0,0.028272248272925897,2.70517158693344,823290.0,8,0.07737692233291421,2.0,0.24600246002460024,2
1996,NCA,4308351902.78601,910.861645917295,6.3442683605154,0.013436365568452584,4729974.0,0.08123853686706384,1.85738578138211,120340.0,26,0.25147499758197117,0.0,0.0,0
1996,NED,451372549019.608,29063.6236532536,3.42063535269868,1.4076859813307985,15530498.0,0.26674035297802084,0.461395747607711,33760.0,239,2.311635554695812,15.0,1.845018450184502,19
1996,NEP,4521580381.47139,198.821907435345,5.32828417508708,0.014101356695887902,22741862.0,0.39059741015757765,2.20703682810923,143000.0,6,0.05803269174968566,0.0,0.0,0
1996,NGR,185730236700.0,1632.72469370276,4.19592404666709,0.5792329442269282,113754779.0,1.9537679927196638,2.61429682326517,910770.0,65,0.628687493954928,4.0,0.4920049200492005,6
1996,NIG,2405686940.0464,239.494513213973,0.100530504281409,0.007502564762366159,10044852.0,0.17252295245728622,3.34376645351566,1266700.0,3,0.02901634587484283,0.0,0.0,0
1996,NOR,162427517132.314,37072.6000316602,4.96949434701779,0.5065592476683688,4381336.0,0.07525058830407821,0.506881682762136,365244.0,97,0.9381951832865848,7.0,0.8610086100861009,7
1996,NRU,37458801.2139605,3678.56242894634,-11.8595716961284,0.00011682196770911438,10183.0,0.00017489568038160698,0.176921610921852,20.0,3,0.02901634587484283,0.0,0.0,0
1996,NZL,70140835299.0148,18794.436039393,3.59083953715972,0.2187467332333637,3732000.0,0.06409807317923572,1.58266192727998,263310.0,95,0.9188509527033563,10.0,1.2300123001230012,6
1996,OMA,17402080624.1873,8068.00076784612,3.04593990978547,0.05427149921691986,2156926.0,0.037045766503268,1.70189456325344,309500.0,4,0.038688461166457105,0.0,0.0,0
1996,PAK,63320170084.4076,456.996961832943,4.84658128681654,0.19747526950166897,138557092.0,2.379754186098096,2.9106898704011,770880.0,24,0.23213076699874263,1.0,0.12300123001230012,0
1996,PAN,9197503300.0,3308.18429574276,4.0797027065703,0.02868405818381153,2780227.0,0.04775112371406403,2.02267329531161,74340.0,7,0.06770480704129993,0.0,0.0,0
1996,PAR,9788391780.52421,2088.17109102236,1.57378513175006,0.030526849537362927,4687543.0,0.08050977337749574,2.32519254374256,397300.0,7,0.06770480704129993,0.0,0.0,0
1996,PER,55252414130.3019,2226.91682429265,2.79897307912609,0.1723145303693047,24811171.0,0.42613833183829875,1.88065410074516,1280000.0,29,0.280491343456814,1.0,0.12300123001230012,0
1996,PHI,94648084429.0341,1311.09249403865,5.8603478716379,0.29517697055338055,72190242.0,1.239886231120776,2.30364180162275,298170.0,12,0.11606538349937132,1.0,0.12300123001230012,1
1996,PLE,3409600000.0,1317.46675131385,1.21453753437805,0.010633447099010422,2587997.0,0.04444952333698887,4.47787800224899,6020.0,1,0.009672115291614276,0.0,0.0,0
1996,PNG,5155311077.38998,1071.04185150251,7.73369579796399,0.016077759156607457,4813361.0,0.08267073033656998,3.5759668470744,452860.0,11,0.10639326820775703,0.0,0.0,0
1996,POL,160813026223.063,4163.51195431959,6.09387747385628,0.5015241691619886,38624370.0,0.6633836266778875,0.0760741823645528,306290.0,165,1.5958990231163555,19.0,2.337023370233702,17
1996,POR,122630089680.27,12185.0914010629,3.50424653058748,0.3824438559837092,10063945.0,0.17285087971109414,0.375996187340096,91500.0,107,1.0349163362027276,0.0,0.0,2
1996,PUR,45340835000.0,12173.163688986,2.31370752929453,0.1414034990607286,3724655.0,0.0639719208889084,1.12186266889252,8870.0,69,0.667375955121385,1.0,0.12300123001230012,1
1996,QAT,9059340659.34066,17124.7926054464,4.3739105695453,0.028253173291005726,529019.0,0.009086039275242791,2.81689866772079,11610.0,12,0.11606538349937132,1.0,0.12300123001230012,0
1996,ROU,36937074278.3004,1633.01064354117,3.90770208816159,0.11519486899651746,22619004.0,0.3884872919703712,-0.288129485530899,229520.0,165,1.5958990231163555,18.0,2.2140221402214024,19
1996,RSA,163234925380.563,3617.55336002932,4.29999999726792,0.5090772946225746,45123018.0,0.7749996007052439,1.29699420436442,1213090.0,84,0.8124576844955992,2.0,0.24600246002460024,5
1996,RUS,391724890744.498,2643.92919921875,-3.7550694383594,1.2216640964034657,148160129.0,2.5446888507199903,-0.145451546598357,16377960.0,390,3.7721249637295675,112.0,13.776137761377614,63
1996,RWA,1382334879.40812,206.04911417485,12.7456957642204,0.004311058427177146,6708764.0,0.11522477111849466,16.7499598547072,24670.0,4,0.038688461166457105,0.0,0.0,0
1996,SAM,249907868.772424,1419.35849045228,7.17896881783187,0.0007793823622178583,176071.0,0.003024065338355094,0.855578710009327,2830.0,5,0.04836057645807138,0.0,0.0,0
1996,SEN,6559712165.96508,723.469950081149,2.01997720854131,0.020457635001620355,9067014.0,0.1557283298202451,2.44401329997373,192530.0,11,0.10639326820775703,0.0,0.0,0
1996,SEY,535250347.089479,7004.33603896356,9.99794595219808,0.0016692738885801686,76417.0,0.0013124819019661455,1.46719302641952,460.0,9,0.08704903762452848,0.0,0.0,0
1996,SGP,96293086513.0872,26232.866096827,7.47139086002002,0.3003072036125489,3670704.0,0.06304529839531438,4.06431846839031,670.0,14,0.13540961408259986,0.0,0.0,0
1996,SKN,333944444.444444,7788.42839854571,5.84283802585985,0.0010414654458025636,42877.0,0.000736423655869799,1.29339971902145,260.0,10,0.09672115291614276,0.0,0.0,0
1996,SLE,941709422.502965,224.258711163044,1.75382062624389,0.0029368891737520334,4199210.0,0.07212252676178413,0.478159659694952,72180.0,14,0.13540961408259986,0.0,0.0,0
1996,SLO,21470699362.6062,10796.7399446283,2.91361775262531,0.06696021405766947,1988628.0,0.03415520446684811,-0.0625361337459717,20140.0,37,0.3578682657897282,2.0,0.24600246002460024,2
1996,SOL,510586430.190127,1289.33036923435,1.60990760846707,0.001592355054815607,396009.0,0.006801557840738466,2.88873510615365,27990.0,4,0.038688461166457105,0.0,0.0,0
1996,SOM,1792234297.39194,237.241440951671,8.04601505009022,0.0055894030356491405,7554474.0,0.1297500609010272,3.63215700093217,627340.0,4,0.038688461166457105,0.0,0.0,0
1996,SRI,13897738375.2488,776.192371057587,3.79996720568178,0.043342581478500466,17905018.0,0.3075233531724364,1.92257845082404,62710.0,9,0.08704903762452848,0.0,0.0,0
1996,STP,135188165.74708,987.048712395264,1.50000107570656,0.0004216084610757356,136962.0,0.002352358065052112,1.5206817055962,960.0,2,0.019344230583228553,0.0,0.0,0
1996,SUI,345373647249.191,48837.8072568268,0.560166924751584,1.0771094578298213,7071850.0,0.12146086784902949,0.441636406706345,39528.454,115,1.1122932585356418,1.0,0.12300123001230012,7
1996,SUR,861372806.2082,1962.88495820295,1.00000122281456,0.0026863450748888583,438830.0,0.007537019682005361,2.12435847636189,160507.61,7,0.06770480704129993,1.0,0.12300123001230012,0
1996,SVK,21864845213.7406,4069.11897669644,6.11957878556568,0.06818942835181896,5373361.0,0.09228887636560856,0.211674396431709,48100.0,71,0.6867201857046136,0.0,0.0,3
1996,SWE,291949597375.485,33022.2444768661,1.70471985374236,0.9104970082325234,8840998.0,0.15184644608292514,0.159147080582875,407339.7,177,1.711964406615727,12.0,1.4760147601476015,8
1996,SWZ,1602741833.70552,1619.19119707662,3.84205383650107,0.004998436914030563,989841.0,0.01700077729201711,1.98019605226475,17200.0,6,0.05803269174968566,0.0,0.0,0
1996,SYR,13789560878.2435,918.195857362788,9.82556940470964,0.043005210616314515,15018104.0,0.25793985241301515,2.70847861472762,183780.0,7,0.06770480704129993,0.0,0.0,1
1996,TAN,9433528150.36609,313.658386230469,4.54436680394173,0.02942014387140529,30945762.0,0.5315015319569163,1.83364600544135,885800.0,7,0.06770480704129993,0.0,0.0,0
1996,TGA,222100576.345483,2214.91474789811,0.0929181768768501,0.0006926603499617021,100275.0,0.0017222492733247215,0.0498753127545872,720.0,5,0.04836057645807138,0.0,0.0,1
1996,THA,183035237429.281,3054.65690806473,5.65194446499471,0.5708281072439794,59920064.0,1.0291427243238176,1.38103987322343,510890.0,37,0.3578682657897282,1.0,0.12300123001230012,2
1996,TJK,1043654822.33503,172.035088688368,-16.6999984353389,0.0032548241268555438,6066523.0,0.10419411446878793,1.96324157737844,139960.0,8,0.07737692233291421,0.0,0.0,0
1996,TKM,2378759975.44506,557.894220051334,6.69999198681985,0.00741858820980126,4263819.0,0.0732322031846237,1.7177432660259,469930.0,7,0.06770480704129993,0.0,0.0,0
1996,TOG,2069506014.46659,482.27462715388,8.83621162979911,0.0064541244503503,4291136.0,0.07370137978297235,4.30189881851522,54390.0,5,0.04836057645807138,0.0,0.0,0
1996,TTO,5759570336.11287,4427.27832448289,7.13447746480871,0.01796224967212749,1300928.0,0.022343777637973405,0.443666738699283,5130.0,12,0.11606538349937132,0.0,0.0,2
1996,TUN,19587161806.7655,2107.40815649257,7.14608096782061,0.061086065489206455,9294432.0,0.1596342932731592,1.44320056827616,155360.0,51,0.4932778798723281,0.0,0.0,1
1996,TUR,250366965174.129,4041.36210281686,7.15779847930847,0.7808141364145018,61951134.0,1.0640268812081022,1.5070440949697,769630.0,53,0.5126221104555566,6.0,0.7380073800738007,6
1996,UAE,73571217376.7336,28323.1586889615,5.79855087420329,0.22944499295673776,2597564.0,0.04461383905673854,6.47661448989632,71020.0,4,0.038688461166457105,0.0,0.0,0
1996,UGA,6044585326.938,284.698259285733,9.07211457909349,0.018851119870204668,21231550.0,0.36465740771934674,2.70145587024081,199810.0,10,0.09672115291614276,0.0,0.0,1
1996,UKR,44558831005.0621,869.846069335938,-10.0,0.1389646798117296,51226109.0,0.879821780109728,-0.854165873072084,579350.0,231,2.2342586323628977,0.0,0.0,23
1996,URU,20515458113.5857,6398.43575184095,5.57795776385868,0.06398112346397751,3206324.0,0.055069450800734124,0.527975679567825,175020.0,14,0.13540961408259986,0.0,0.0,0
1996,USA,8073122000000.0,29967.7127181749,3.77277269047364,25.177474105718332,269394000.0,4.626912198833608,1.16341161998189,9158960.0,648,6.267530708966051,108.0,13.284132841328413,101
1996,UZB,13948892215.5689,597.33228695111,1.700000003062,0.0435021138737829,23351981.0,0.4010763630809544,1.87771255752777,425400.0,71,0.6867201857046136,0.0,0.0,2
1996,VAN,261370044.486614,1529.27573115021,2.32733541644214,0.000815129206157441,170911.0,0.00293544099280181,2.23291177885691,12190.0,4,0.038688461166457105,0.0,0.0,0
1996,VEN,70543211119.099,3112.825848106,-0.25316455696202,0.22000161415686975,22662113.0,0.38922770028673875,2.08805824636671,882050.0,39,0.3772124963729568,0.0,0.0,0
1996,VIE,24657470574.7501,337.051231790277,9.34001749939179,0.07689872974894747,73156447.0,1.2564810539493245,1.52407678637018,325490.0,6,0.05803269174968566,0.0,0.0,0
1996,VIN,331488888.888889,2930.44394742606,1.28791200314089,0.001033807356848236,113119.0,0.001942848322605028,0.0636700498150164,390.0,8,0.07737692233291421,0.0,0.0,0
1996,YEM,6496163615.66086,375.214994663363,4.63496731668951,0.020259447487578026,17313177.0,0.29735832966534315,3.36633580657249,527970.0,4,0.038688461166457105,0.0,0.0,0
1996,ZAM,3597220962.00017,399.511304742449,6.21854648894293,0.011218576608071384,9004053.0,0.15464695822714813,2.45422388426954,743390.0,8,0.07737692233291421,0.0,0.0,1
1996,ZIM,8557500000.0,766.913775859535,10.3607384594087,0.02668809348597539,11158360.0,0.19164774272246962,1.66055720411375,386850.0,13,0.12573749879098559,0.0,0.0,0
2000,ALB,3584570164.85195,1160.42047054038,7.46285871776054,0.010553466972681065,3089027.0,0.05013410230927868,-0.637356833943492,27400.0,4,0.03756926833849911,0.0,0.0,0
2000,ALG,54790398570.3282,1772.92869122761,3.80000000158476,0.1613104598709599,30903893.0,0.5015621208286627,1.3996685583388,2381740.0,47,0.4414389029773645,3.0,0.356718192627824,5
2000,AND,1432606188.65883,21810.2487426174,3.52836236122388,0.0042177894145068034,65685.0,0.0010660504133453578,-0.038053198830509,470.0,5,0.04696158542312388,0.0,0.0,0
2000,ANG,9129594970.15301,563.733795571487,3.05462423452938,0.026878781711738194,16194869.0,0.2628384987672059,3.31228746945312,1246700.0,30,0.2817695125387433,0.0,0.0,0
2000,ANT,901003703.703704,12027.4949768222,6.20355212555867,0.0026526786733139835,74912.0,0.0012158022160999838,1.67727282735622,440.0,3,0.02817695125387433,0.0,0.0,0
2000,ARG,284203750000.0,7637.01489203628,-0.78899893905691,0.8367348806690146,37213984.0,0.6039732515098961,1.13312807570195,2736690.0,143,1.343101343101343,3.0,0.356718192627824,4
2000,ARM,1911563668.85006,593.450581742282,5.90000000312092,0.005627906029904527,3221100.0,0.05227761264256271,1.68478463633775,28470.0,25,0.23480792711561943,2.0,0.23781212841854935,1
2000,ARU,1873452513.96648,20681.0230269625,7.62292064930222,0.005515701554651577,90588.0,0.0014702196063656734,1.03081685259869,180.0,5,0.04696158542312388,0.0,0.0,0
2000,AUS,416901962163.479,21908.9968019784,3.9160574881715,1.2274166458448794,19028802.0,0.30883249200832713,1.14447285147721,7682300.0,617,5.795059641213487,41.0,4.875148632580261,58
2000,AUT,196181599831.287,24487.2974685956,3.18952292988787,0.5775855790934789,8011566.0,0.1300256260309601,0.240466652446524,82520.0,92,0.8640931717854795,3.0,0.356718192627824,3
2000,AZE,5272615722.96892,655.097249579917,11.0999991434346,0.015523304980219189,8048600.0,0.13062667818910628,0.821519963674211,82605.0,31,0.29116182962336806,1.0,0.11890606420927467,3
2000,BAH,8076470000.0,24940.0775086078,4.14841930754267,0.023778237133313253,323835.0,0.005255757564218527,1.31201091278679,10010.0,25,0.23480792711561943,1.0,0.11890606420927467,3
2000,BAN,53369787318.6245,396.670730249751,5.29329471892532,0.15712798519857657,134544304.0,2.1836189524619543,1.82732806740512,130170.0,5,0.04696158542312388,0.0,0.0,0
2000,BAR,3059500000.0,11674.6736471764,4.44718949183194,0.00900758827920761,262063.0,0.00425321412000494,-0.173090896850965,430.0,18,0.16906170752324598,0.0,0.0,1
2000,BDI,870486065.883137,134.537861752389,-0.856864058424151,0.0025628305554052915,6470194.0,0.10500956060173028,2.07761630416467,25680.0,6,0.05635390250774866,1.0,0.11890606420927467,0
2000,BEL,236792460312.471,23098.8865077401,3.71670510672588,0.697149531006814,10251250.0,0.16637511303656236,0.242517956221334,30333.0,68,0.6386775617544849,6.0,0.713436385255648,5
2000,BEN,3519991440.47913,487.424141384242,5.85771420543269,0.010363338337039034,7221619.0,0.11720499231137534,3.07665265205002,112760.0,4,0.03756926833849911,0.0,0.0,0
2000,BER,3480219000.0,56542.9569455727,9.31715641086083,0.010246242808784322,61550.0,0.0009989404421314877,0.694526488745174,54.0,6,0.05635390250774866,0.0,0.0,0
2000,BHU,460733418.399276,771.924911410619,3.35506838174288,0.0013564624740684999,596863.0,0.009686930773548758,2.42228077592733,39800.0,2,0.018784634169249553,0.0,0.0,0
2000,BIH,5567772768.81188,1338.48059636261,5.41431598814764,0.016392287868488706,4159771.0,0.06751199808132803,0.710877055593974,51200.0,9,0.08453085376162299,0.0,0.0,0
2000,BIZ,1138138100.0,4726.50675459616,12.2406120663359,0.0033508349108284426,240799.0,0.0039081049476006515,3.26709202067925,22810.0,2,0.018784634169249553,0.0,0.0,0
2000,BLR,12736856827.9847,1276.2880341,5.80000327485702,0.037499056145677535,9979610.0,0.16196646670511478,-0.471131334643547,202848.0,139,1.305532074762844,15.0,1.78359096313912,17
2000,BOL,8397855484.76908,975.777060358751,2.50781081484664,0.024724440148744996,8606326.0,0.13967842566316357,1.71712723342906,1083300.0,5,0.04696158542312388,0.0,0.0,0
2000,BOT,5788329609.15755,3450.81180622992,1.98769583378552,0.017041637504049002,1677382.0,0.027223472245384225,2.13210606291764,566730.0,7,0.06574621959237344,0.0,0.0,0
2000,BRA,655448231983.527,3766.54811466032,4.38794944745618,1.9297296329603428,174018282.0,2.8242713169787472,1.37521128317928,8358140.0,198,1.8596787827557058,15.0,1.78359096313912,12
2000,BRN,9062898936.17021,14214.4836839343,5.30006940305884,0.026682419425752547,637582.0,0.010347789520309961,2.63695278007044,710.0,4,0.03756926833849911,0.0,0.0,0
2000,BRU,6570999087.56742,20130.2572346624,3.47467627672586,0.019345923962692007,326424.0,0.005297776358770572,2.17184750364769,5270.0,2,0.018784634169249553,0.0,0.0,0
2000,BUL,13246669553.9701,1621.3452487867,4.58722553234129,0.03900001484323497,8170172.0,0.13259976003201138,-0.493896416633318,110630.0,91,0.8547008547008547,15.0,1.78359096313912,13
2000,BUR,2968370087.59759,248.908526921752,1.88847388906525,0.008739289298707148,11925546.0,0.19354850030705759,2.98414422391968,273600.0,4,0.03756926833849911,0.0,0.0,0
2000,CAF,916777282.691659,239.154133726071,-2.48943244028874,0.002699118256648861,3833416.0,0.06221534157455595,2.74955419856204,622980.0,3,0.02817695125387433,0.0,0.0,0
2000,CAM,3694168979.32019,296.426687526334,9.99358032292079,0.010876140937910407,12462336.0,0.20226046196313818,1.59016992993238,176520.0,4,0.03756926833849911,0.0,0.0,0
2000,CAN,744773415931.587,24271.0020563821,5.13853918994158,2.192715244978192,30685730.0,0.4980213922555232,0.931281553452429,8965590.0,294,2.7613412228796843,22.0,2.615933412604043,14
2000,CGO,3227927697.57921,1024.30159109181,7.5759803952642,0.009503462557556496,3151345.0,0.05114550719104554,3.83186610159414,341500.0,5,0.04696158542312388,0.0,0.0,0
2000,CHA,1388506771.58756,163.121663683369,-0.879681024156014,0.004087954672774148,8512093.0,0.13814904865774721,3.45886279310456,1259200.0,2,0.018784634169249553,0.0,0.0,0
2000,CHI,78339750721.364,5052.99245766325,4.9716214882971,0.23064298754495974,15503635.0,0.2516199512842438,1.19601925947085,743532.0,50,0.46961585423123886,0.0,0.0,1
2000,CHN,1223754919971.05,969.199513696287,8.57357328926101,3.6029025898852356,1262645000.0,20.492398936719937,0.787956592953992,9388220.0,271,2.5453179299333146,50.0,5.945303210463734,58
2000,CIV,16577533891.8785,936.636541348798,-0.265789462275947,0.04880653701018196,17699004.0,0.2872502174012505,2.76729583954346,318000.0,14,0.13149243918474687,0.0,0.0,0
2000,CMR,10566579294.9831,708.565731625965,3.83241779430614,0.031109460960551595,14912631.0,0.24202811055213205,2.63276307164066,472710.0,34,0.31933878087724243,0.0,0.0,1
2000,COD,19088046305.7971,377.925421481395,-6.91092731714194,0.05619783042231414,50507442.0,0.8197226067004137,3.20780748301006,2267050.0,2,0.018784634169249553,0.0,0.0,0
2000,COL,99875074951.0278,2555.00751039968,2.92486148176778,0.2940459403542604,39089934.0,0.6344194305905877,1.63798274950516,1109500.0,44,0.4132619517234902,0.0,0.0,1
2000,COM,339504306.290689,633.309032776244,-1.00701887109655,0.0009995473149483646,536080.0,0.008700438541313532,1.91989444545768,1861.0,2,0.018784634169249553,0.0,0.0,0
2000,CPV,539227277.626411,1189.51479345891,14.2848688450919,0.0015875591782241176,453317.0,0.007357216643472292,1.51097073984668,4030.0,2,0.018784634169249553,0.0,0.0,0
2000,CRC,15013629579.1557,3812.75386183689,3.80207210664838,0.044202187882192386,3937739.0,0.06390847664757761,1.93953648052985,51060.0,7,0.06574621959237344,1.0,0.11890606420927467,2
2000,CRO,22134069750.2586,4953.57515008131,2.94765913375998,0.06516574187076093,4468302.0,0.07251937571822925,-0.986434858645568,55912.0,88,0.8265239034469803,2.0,0.23781212841854935,2
2000,CUB,30565400000.0,2751.3817714814,5.9147601740486,0.08998873632596578,11109109.0,0.1802979407984872,0.332523063476085,107400.0,229,2.1508406123790738,25.0,2.972651605231867,29
2000,CYP,9985847313.85485,14388.3525390625,5.96530445494226,0.02939970623377538,947667.0,0.015380388171785874,1.74925863858297,9240.0,22,0.2066309758617451,0.0,0.0,0
2000,CZE,62175642238.0847,6062.92152842793,4.010669619984,0.18305363172936015,10255063.0,0.16643699703178327,-0.280414108078884,77270.0,119,1.1176857330703485,11.0,1.3079667063020215,8
2000,DEN,164043817223.59,30722.0251837567,3.72400899471576,0.48296753237446804,5339616.0,0.08666057461985971,0.334233618829261,40000.0,97,0.9110547572086034,6.0,0.713436385255648,6
2000,DMA,333470370.37037,4867.39896323759,2.3402193777688,0.000981782578725663,68511.0,0.0011119156560661307,-0.522635323904246,750.0,4,0.03756926833849911,0.0,0.0,0
2000,DOM,24305780628.6677,2831.45883638033,4.65172550299128,0.07155955702166321,8584190.0,0.13931916415825663,1.62045560357101,48310.0,13,0.1221001221001221,0.0,0.0,0
2000,ECU,17539454727.3637,1382.23421759909,1.09180164720277,0.0516385640875613,12689206.0,0.2059425028746958,1.73622001498213,248360.0,10,0.09392317084624777,1.0,0.11890606420927467,0
2000,EGY,99838543960.0763,1366.09274372613,6.37000382991766,0.2939383880986884,73083284.0,1.1861226325163456,2.16091978529782,995450.0,89,0.8359162205316052,0.0,0.0,0
2000,ERI,706370815.584416,314.357396753501,-3.14198590251638,0.002079652714244977,2247031.0,0.0364687268988328,1.53601457156771,101000.0,3,0.02817695125387433,0.0,0.0,0
2000,ESA,11784927700.0,1982.87093542615,1.12790697674419,0.034696446027726466,5943366.0,0.09645927960664909,0.497012728838862,20720.0,8,0.07513853667699821,0.0,0.0,0
2000,ESP,598102854756.08,14743.2671031455,5.20064125553942,1.760896964949004,40567864.0,0.6584058489112926,0.447137014535835,499000.0,321,3.0149337841645534,17.0,2.0214030915576693,11
2000,EST,5686579747.53524,4070.60902410208,10.0876385800462,0.016742071934197682,1396985.0,0.02267270208856306,0.483707161729931,42390.0,33,0.30994646379261764,0.0,0.0,3
2000,ETH,8242349617.8638,122.269202606069,6.07321748125295,0.02426660951495385,67411494.0,1.0940709605378411,3.06823302462214,1000000.0,26,0.2442002442002442,3.0,0.356718192627824,8
2000,FIJ,1678219507.89829,1995.72071163264,-1.69999776168213,0.004940908765903644,840909.0,0.013647733684034885,1.08577609197596,18270.0,7,0.06574621959237344,0.0,0.0,0
2000,FIN,125967821110.589,24335.9225082659,5.75373770498848,0.3708665693718132,5176209.0,0.08400852164134825,0.2076065154133,304590.0,70,0.6574621959237343,4.0,0.4756242568370987,4
2000,FRA,1360959069477.49,22340.5939516217,4.14099996402915,4.006850453573047,60918661.0,0.9886939748724324,0.686335719566776,538950.0,336,3.155818540433925,37.0,4.399524375743163,38
2000,FSM,229616800.0,2049.34490021777,4.62454546471687,0.0006760234013365446,112044.0,0.0018184448886788042,0.325401227572671,700.0,5,0.04696158542312388,0.0,0.0,0
2000,GAB,5080483628.53013,3982.906200928,-1.88296639760897,0.014957641701276078,1275572.0,0.020702200774176213,2.58540209287646,257670.0,5,0.04696158542312388,0.0,0.0,0
2000,GAM,782913871.80966,538.054072348854,5.50000021632955,0.002305005986383966,1455084.0,0.023615633701030928,2.73837212713207,10120.0,2,0.018784634169249553,0.0,0.0,0
2000,GBR,1671597821152.97,28383.8761094996,4.52438074810904,4.921413610513637,58892514.0,0.9558101376668534,0.357300887421605,241930.0,310,2.911618296233681,15.0,1.78359096313912,28
2000,GBS,391345597.488269,316.945495037639,1.10027815777423,0.0011521751975992257,1234741.0,0.02003952429663485,2.00706384351502,28120.0,3,0.02817695125387433,0.0,0.0,0
2000,GEO,3057475335.18846,749.908534993961,1.84038117927339,0.009001627387877083,4077131.0,0.06617077244139714,-1.9446291567975,69490.0,36,0.33812341504649196,2.0,0.23781212841854935,6
2000,GEQ,1045998496.43872,1487.3165506701,18.2137799569674,0.0030795632608564137,703279.0,0.011414034690524622,5.26428495953201,28050.0,4,0.03756926833849911,0.0,0.0,0
2000,GER,1966980701145.1,23925.8559901991,2.8765231247659,5.791061385540831,82211508.0,1.3342713265607853,0.135431600393084,348950.0,422,3.9635578097116557,65.0,7.728894173602853,56
2000,GHA,4982850662.20851,253.746936203344,3.70000008164408,0.014670196836722098,19637087.0,0.31870479886197384,2.51243583964957,227540.0,22,0.2066309758617451,0.0,0.0,0
2000,GRE,125760166224.805,11638.2010697215,4.13782699405849,0.37025520486280583,10805808.0,0.17537544469712374,0.409041838238246,128900.0,140,1.3149243918474687,8.0,0.9512485136741974,13
2000,GRN,520044370.37037,4839.82811114248,4.88795213650562,0.0015310820641333703,107451.0,0.0017439016969532165,0.676075747933343,340.0,3,0.02817695125387433,0.0,0.0,0
2000,GUA,19288929030.0508,1648.96578971559,3.6088687174876,0.05678925675749404,11697592.0,0.1898488663583063,2.37572059022903,107160.0,15,0.14088475626937166,0.0,0.0,0
2000,GUI,4367458866.71537,518.157066924026,2.50306056299607,0.01285839885528574,8428832.0,0.13679774434982991,1.96135964318577,245720.0,6,0.05635390250774866,0.0,0.0,0
2000,GUY,712667896.727512,931.796651718955,-1.36380390261873,0.002098192186151423,764832.0,0.012413023821873436,0.0456413500238234,196850.0,4,0.03756926833849911,0.0,0.0,0
2000,HAI,6813566098.8675,820.600046761464,0.870059259424892,0.020060074565048283,8303151.0,0.13475797450892776,1.84581482966936,27560.0,5,0.04696158542312388,0.0,0.0,0
2000,HKG,171668891194.349,25756.7728723704,7.66344398397743,0.5054167975900588,6665000.0,0.10817121115851121,0.881594075853745,1050.0,31,0.29116182962336806,1.0,0.11890606420927467,0
2000,HON,7186638029.05875,1092.56400746252,9.61221879337278,0.021158449575897135,6577773.0,0.10675553970528939,2.73259067031821,111890.0,20,0.18784634169249553,0.0,0.0,0
2000,HUN,47275954428.9586,4629.91760812548,4.40937501806403,0.13918690407015546,10210971.0,0.1657213953750089,-0.259764908288633,89620.0,178,1.6718324410632104,21.0,2.4970273483947683,17
2000,INA,165021012077.81,763.711124950924,4.9200677470169,0.4858445282611731,216077790.0,3.5068861588528795,1.43244007763682,1877519.0,47,0.4414389029773645,4.0,0.4756242568370987,6
2000,IND,468395521654.458,442.750218937263,3.84099115686554,1.3790207585840923,1057922733.0,17.16980995359824,1.87939826197393,2973190.0,65,0.6105006105006106,1.0,0.11890606420927467,1
2000,IRI,109591707802.216,1650.01385833785,5.84552747578209,0.3226530422283334,66418659.0,1.07795750751,1.47619563346635,1628760.0,33,0.30994646379261764,3.0,0.356718192627824,4
2000,IRL,100207610429.909,26334.5672050501,9.40352476399653,0.2950249704840172,3805174.0,0.061756981282652175,1.33304266586712,68890.0,64,0.6011082934159857,4.0,0.4756242568370987,1
2000,IRQ,48364250943.9051,1980.18916038782,16.7961344439661,0.14239099850791803,24424056.0,0.39639605685270857,3.27752785249419,437370.0,4,0.03756926833849911,0.0,0.0,0
2000,ISL,9140168922.35677,32503.578963236,4.90518213950493,0.026909912879554996,281205.0,0.004563883786020877,1.36919283329812,100250.0,18,0.16906170752324598,0.0,0.0,1
2000,ISR,136409902631.643,21690.237340061,8.59152200608253,0.40160949178383365,6289000.0,0.10206882925369498,2.64233191305756,21640.0,39,0.3663003663003663,1.0,0.11890606420927467,1
2000,ITA,1149661363439.38,20190.0035636084,3.88209885062652,3.3847609813284523,56942108.0,0.9241555571310953,0.045303631138613,295718.0,361,3.3906264675495446,35.0,4.161712247324614,34
2000,JAM,9005064474.93003,3453.09252800226,0.87870355044231,0.02651214682722294,2607826.0,0.04232433562050347,0.693820204754118,10830.0,48,0.4508312200619893,6.0,0.713436385255648,9
2000,JOR,8460789844.8519,1570.61002940477,4.24571192079151,0.02490972755003326,5386945.0,0.08742871194212846,2.07260479051429,88240.0,8,0.07513853667699821,0.0,0.0,0
2000,JPN,5042381838343.44,39752.937397755,2.97832688768516,14.845464796977188,126843000.0,2.0586287977462923,0.167275578113187,364500.0,266,2.498356344510191,14.0,1.6646848989298455,18
2000,KAZ,18291990662.0356,1180.0444563226,9.80000000214156,0.05385413325403724,15501103.0,0.25157885758482096,0.292205742065896,2699700.0,130,1.221001221001221,11.0,1.3079667063020215,7
2000,KEN,12705350097.8044,414.626365130846,0.599695390807426,0.03740629600399156,30642890.0,0.49732611023211276,3.01293994477925,569140.0,56,0.5259697567389875,8.0,0.9512485136741974,7
2000,KGZ,1369688498.06778,279.621738464365,5.44333663288322,0.004032551090492176,4898362.0,0.07949913731925391,1.18989565060204,191800.0,48,0.4508312200619893,0.0,0.0,1
2000,KOR,597487173479.109,12710.2995795579,9.2018583880479,1.7590843146943314,47008111.0,0.762929377515939,0.836180864297766,96460.0,281,2.639241100779562,27.0,3.2104637336504163,28
2000,KSA,189514933333.333,11714.5623675159,4.71813422138024,0.5579579971329114,16177722.0,0.2625602074307115,4.45983244526442,2149690.0,18,0.16906170752324598,0.0,0.0,2
2000,KUW,37718743480.0751,19296.3471698729,4.69458187079211,0.11104916217602974,1954709.0,0.03172441710314213,2.83716577319158,17820.0,29,0.27237719545411854,0.0,0.0,1
2000,LAO,1731198022.46763,318.749852236965,5.79878232861959,0.005096884790379741,5431212.0,0.08814715380324681,1.67898547843134,230800.0,3,0.02817695125387433,0.0,0.0,0
2000,LAT,7761252607.18424,3278.17896440803,5.84102642353959,0.022850193827894192,2367550.0,0.038424718826456594,-0.963935407092365,62227.0,45,0.42265426880811496,1.0,0.11890606420927467,3
2000,LBA,38270954138.1128,7214.10040377084,3.6792704082,0.11267494620969339,5305021.0,0.0860991067953993,1.65322614160708,1759540.0,3,0.02817695125387433,0.0,0.0,0
2000,LBR,874000000.0,298.485340578945,28.6159342546183,0.0025731760601495185,2928117.0,0.04752257498932129,3.70256844774732,96320.0,8,0.07513853667699821,0.0,0.0,0
2000,LCA,932592592.592592,5879.56191426207,0.0487485535201131,0.002745680701524063,158616.0,0.0025742962984423726,1.21402743138722,610.0,5,0.04696158542312388,0.0,0.0,0
2000,LES,887291687.920796,442.779545779081,3.87554677576694,0.0026123086152487988,2003913.0,0.03252298518623941,0.0338894483530851,30360.0,6,0.05635390250774866,0.0,0.0,0
2000,LIB,17260364842.4544,3986.83513941026,1.34187161970405,0.05081688512820375,4329340.0,0.0702640587122264,1.72552456653499,10230.0,6,0.05635390250774866,0.0,0.0,0
2000,LIE,2483889858.32312,76087.911114202,3.22019308239609,0.007312912951356101,32645.0,0.0005298198331987394,1.30732907481793,160.0,2,0.018784634169249553,0.0,0.0,0
2000,LTU,11550695727.2335,3300.63634928559,3.41862206571636,0.034006834923785555,3499536.0,0.056796556280992,-0.703385440488978,62680.0,61,0.5729313421621114,1.0,0.11890606420927467,5
2000,LUX,21230200537.942,48659.6390968187,6.93809504692074,0.06250462674645972,436300.0,0.007081035173062032,1.34408299573143,2574.46,7,0.06574621959237344,0.0,0.0,0
2000,MAD,4629247203.84524,280.282905559649,4.45685893956946,0.013629139681291385,16516338.0,0.2680558567686936,3.17297260783499,581540.0,11,0.10331548793087254,0.0,0.0,0
2000,MAR,43017455401.8445,1499.107421875,2.58218091499747,0.12664929795031563,28423435.0,0.46130493461893746,1.40392630100829,446300.0,55,0.5165774396543628,2.0,0.23781212841854935,5
2000,MAS,93789736842.1053,4083.52874483605,8.85886816969386,0.2761298690272639,22967816.0,0.3727616615732682,2.34480241175698,328550.0,40,0.37569268338499107,2.0,0.23781212841854935,0
2000,MAW,2537307580.32808,224.22415918428,1.57607762616895,0.00747018206285597,11315942.0,0.18365478642752672,2.39808527580859,94280.0,2,0.018784634169249553,0.0,0.0,0
2000,MDA,1288429391.79951,440.538683980372,2.10771608200733,0.0037933131191893637,2924668.0,0.04746659861913589,-0.203371722054682,32880.0,34,0.31933878087724243,2.0,0.23781212841854935,2
2000,MDV,624337145.284622,2213.81235053178,3.84581040832157,0.0018381343200325872,282019.0,0.00457709479365524,1.64706787778788,300.0,4,0.03756926833849911,0.0,0.0,0
2000,MEX,742061329749.127,7524.0271380091,5.02928399378261,2.1847304907015688,98625552.0,1.6006669783971084,1.54272528221216,1943950.0,78,0.7326007326007326,1.0,0.11890606420927467,6
2000,MGL,1136896123.61298,476.02755082717,1.14606213709108,0.0033471783617365076,2388299.0,0.03876146968321998,1.32711144076984,1547438.742,20,0.18784634169249553,1.0,0.11890606420927467,0
2000,MKD,3772859034.20508,1861.89899780644,4.54913578288874,0.011107815269033577,2026350.0,0.03288713184261803,0.455448702114895,25430.0,10,0.09392317084624777,0.0,0.0,1
2000,MLI,3521570875.85064,304.652870189314,-0.736019992224286,0.010367988411737573,11559290.0,0.1876042609801151,2.91308874187569,1220190.0,5,0.04696158542312388,0.0,0.0,0
2000,MLT,4036809766.6603,10348.485765125,19.6812693530689,0.011884922483922252,390087.0,0.006331010239638434,0.645267230900854,320.0,7,0.06574621959237344,0.0,0.0,0
2000,MON,2654462465.88236,81789.014508777,3.91022992758094,0.007815102139329459,32455.0,0.0005267361827681142,0.138749733197593,2.027,4,0.03756926833849911,0.0,0.0,0
2000,MOZ,5930685214.61595,327.12623979157,0.766234955773442,0.017460751961707634,18129653.0,0.2942395383186101,2.20366517231952,786380.0,4,0.03756926833849911,1.0,0.11890606420927467,1
2000,MRI,4726108622.47661,3981.98343249582,8.20279174865273,0.013914313003458847,1186873.0,0.019262639144986597,0.982676166064297,2030.0,20,0.18784634169249553,0.0,0.0,0
2000,MTN,1779520886.47015,680.911061879778,-3.91802587923293,0.005239153940046956,2613441.0,0.042415465605598,2.78353822069134,1030700.0,2,0.018784634169249553,0.0,0.0,0
2000,MYA,8905066163.58643,196.619580625284,13.7459305561226,0.026217738062000135,45290841.0,0.7350585334369928,1.11707426022512,653540.0,7,0.06574621959237344,0.0,0.0,0
2000,NAM,3922232164.83175,2156.67590512714,3.49218336365178,0.011547590284775148,1818647.0,0.029516166340554078,2.35219877188535,823290.0,11,0.10331548793087254,2.0,0.23781212841854935,0
2000,NCA,5109587049.97449,1017.3124434882,4.10159025073438,0.015043326171904303,5022633.0,0.081516023228013,1.3755333704478,120340.0,6,0.05635390250774866,0.0,0.0,0
2000,NED,417649282153.726,26225.1697734149,4.21970034558892,1.2296168585544616,15925513.0,0.2584669211598823,0.714770362784392,33760.0,231,2.1696252465483234,19.0,2.2592152199762188,25
2000,NEP,5494252207.90502,223.830289183078,6.19999998192236,0.016175833237762966,24546509.0,0.39838343709576834,1.73127486408485,143350.0,5,0.04696158542312388,0.0,0.0,0
2000,NGR,69171451627.2465,547.318298903379,5.01593475936546,0.2036502555755391,126382494.0,2.0511549055083687,2.67439784501828,910770.0,83,0.7795623180238564,6.0,0.713436385255648,3
2000,NIG,2241753192.81158,194.771959898935,-1.20847774100575,0.006600029346117284,11509630.0,0.1867982921359843,3.46716382832898,1266700.0,4,0.03756926833849911,0.0,0.0,0
2000,NOR,170620327660.251,37991.8907576589,3.443416131481,0.5023296825059779,4490967.0,0.07288722275512462,0.649044821192665,365244.0,93,0.8734854888701042,7.0,0.8323424494649228,10
2000,NRU,26930980.3429002,2648.60152860938,-6.85616110197874,7.928850560035248e-05,10168.0,0.00016502398725577524,-0.186686372077639,20.0,2,0.018784634169249553,0.0,0.0,0
2000,NZL,52623281956.7031,13641.1027183822,2.86879087314065,0.15493017086668942,3857700.0,0.06260946455906807,0.587564086381346,263310.0,147,1.3806706114398422,6.0,0.713436385255648,4
2000,OMA,22259557867.3602,9753.84755185404,6.19241063695442,0.06553519612563403,2282131.0,0.03703839074154304,1.2887385532573,309500.0,6,0.05635390250774866,0.0,0.0,0
2000,PAK,99484802344.5277,642.338346499898,4.2600880111325,0.2928969241895256,154879127.0,2.513647824570574,2.82475983542412,770880.0,27,0.25359256128486896,0.0,0.0,0
2000,PAN,11966497000.0,3975.09308659503,4.20900547865375,0.035231010988845575,3010369.0,0.04885750349047806,1.96400557919623,74340.0,6,0.05635390250774866,0.0,0.0,0
2000,PAR,8855705139.55857,1736.11729210765,-2.31414056819045,0.026072412426607742,5100868.0,0.08278575686717071,1.93460053752763,397300.0,5,0.04696158542312388,0.0,0.0,0
2000,PER,51744749133.213,1945.41338451698,2.69437139806912,0.15234364955151744,26598331.0,0.43168397285295945,1.56043059120612,1280000.0,21,0.19723865877712032,0.0,0.0,0
2000,PHI,83669788376.9213,1050.79273107952,4.38250500083399,0.24633535058268918,79625397.0,1.292299419725024,2.37926588939747,298170.0,20,0.18784634169249553,1.0,0.11890606420927467,0
2000,PLE,4313600000.0,1476.17185000238,-8.5555726838292,0.012699830953158997,2922153.0,0.047425780825277875,2.55523569844846,6020.0,2,0.018784634169249553,0.0,0.0,0
2000,PLW,149551484.375,7798.07510558974,-2.60392518285772,0.000440300113676859,19178.0,0.00031125393662384516,1.45489580126701,460.0,5,0.04696158542312388,0.0,0.0,0
2000,PNG,3521339699.07407,635.957919047725,-2.49484199260023,0.010367307795550923,5537064.0,0.08986510414736545,3.44925161413658,452860.0,5,0.04696158542312388,0.0,0.0,0
2000,POL,172953527033.013,4520.64100449111,4.65633252988236,0.5091989419677021,38258629.0,0.6209275673209513,-1.04433539837844,306290.0,187,1.7563632948248333,17.0,2.0214030915576693,14
2000,POR,118605192877.388,11526.3720667968,3.81617714108242,0.34918998045939476,10289898.0,0.16700235999362972,0.702859953319024,91500.0,61,0.5729313421621114,2.0,0.23781212841854935,2
2000,PUR,61701800000.0,16192.1269719638,3.27196451910478,0.18165857508939767,3810605.0,0.061845124995750726,0.276558688867414,8870.0,29,0.27237719545411854,1.0,0.11890606420927467,0
2000,QAT,17759890109.8901,27535.182940934,8.02812548837973,0.052287556134617164,644989.0,0.01046800319788702,5.16843199678991,11610.0,17,0.15966939043862122,0.0,0.0,1
2000,ROU,37253739511.1273,1659.92904910528,2.4612634592269,0.10968012661450685,22442971.0,0.36424356415083925,-0.129440039806255,229710.0,145,1.3618859772705927,19.0,2.2592152199762188,26
2000,RSA,151752757215.309,3217.84693448467,4.20000000067826,0.44678096330447964,47159719.0,0.7653899358027086,0.914659168313889,1213090.0,127,1.1928242697473466,5.0,0.5945303210463734,5
2000,RUS,259710142196.943,1771.59411621094,10.0000668136515,0.7646223346443948,146596869.0,2.3792289380008413,-0.420614990249978,16381340.0,435,4.085657931811778,63.0,7.491082045184305,89
2000,RWA,2068836754.37431,251.86926386091,8.37089593573039,0.006090939598070257,8213931.0,0.13330995718566258,0.806991709703052,24670.0,5,0.04696158542312388,0.0,0.0,0
2000,SAM,258856139.798489,1424.75240002471,5.09304469244418,0.000762108034270239,181685.0,0.002948700149937601,0.779095553168233,2830.0,5,0.04696158542312388,0.0,0.0,0
2000,SEN,6013185003.97525,603.233162455158,3.88721095816793,0.01770364267446133,9968260.0,0.1617822591662327,2.41009917724256,192530.0,26,0.2442002442002442,0.0,0.0,0
2000,SEY,654212394.27164,8063.65500575169,4.25319834931828,0.0019260911569712609,81131.0,0.00131673496361608,0.892658566766174,460.0,9,0.08453085376162299,0.0,0.0,0
2000,SGP,96076539925.7409,23852.8389514753,9.03831632555163,0.2828625314404072,4027887.0,0.06537155516873552,1.73204223254257,670.0,14,0.13149243918474687,0.0,0.0,0
2000,SKN,421695769.843918,9319.65545093525,10.042808415173,0.0012415302741747038,45248.0,0.0007343632351838432,1.44021899747842,260.0,2,0.018784634169249553,0.0,0.0,0
2000,SLE,635866403.776065,143.743743239644,6.65273028404766,0.0018720780407894026,4423611.0,0.07179405244772888,2.41540405213567,72180.0,3,0.02817695125387433,0.0,0.0,0
2000,SLO,20159190701.6789,10135.7219109212,3.49791942086068,0.059351426665387785,1988925.0,0.032279733856480405,0.29607496005045,20140.0,74,0.6950314642622335,2.0,0.23781212841854935,2
2000,SMR,1007661290.98039,37600.7049136309,2.17937971500419,0.002966693261659151,26799.0,0.00043494077837013384,1.27682083101072,60.0,4,0.03756926833849911,0.0,0.0,0
2000,SOL,419842674.227652,953.17190137706,-14.2769995149354,0.0012360745061232809,440469.0,0.007148696955405593,2.28927444576947,27990.0,2,0.018784634169249553,0.0,0.0,0
2000,SOM,3412797450.20112,386.119274401275,7.11031431133236,0.010047744504573044,8838713.0,0.14345000604538305,4.00097862828906,627340.0,2,0.018784634169249553,0.0,0.0,0
2000,SRI,16595882818.6857,860.199884304769,6.00003315828934,0.048860558771268596,19293054.0,0.3131212330272407,1.82192893868799,62710.0,18,0.16906170752324598,0.0,0.0,1
2000,STP,76198394.8202671,529.089383412262,0.448368261692949,0.0002243385416170851,144018.0,0.0023373745669357042,1.10033924534294,960.0,2,0.018784634169249553,0.0,0.0,0
2000,SUI,282327351965.893,39298.0968042444,3.63321673470911,0.8312105070984475,7184250.0,0.11659850319062778,0.561954617400164,39523.581,102,0.9580163426317273,7.0,0.8323424494649228,9
2000,SUR,947671969.69697,1988.22172925433,2.09999886750489,0.0027900764591521545,476643.0,0.007735791537918419,2.06184130338408,160507.61,4,0.03756926833849911,0.0,0.0,0
2000,SVK,20626538612.3376,3827.72506501314,0.78922447792516,0.060727363113291515,5388720.0,0.08745751972904614,-0.135376487794425,48100.0,108,1.0143702451394758,3.0,0.356718192627824,5
2000,SWE,262903560280.282,29632.5890811623,4.63112136551369,0.7740241961570911,8872109.0,0.14399201441265233,0.160575484575313,407339.7,150,1.4088475626937165,8.0,0.9512485136741974,12
2000,SWZ,1697161557.89452,1629.67038842815,1.76017328388222,0.004996676763135286,1041414.0,0.016901877523995468,1.02616676195214,17200.0,6,0.05635390250774866,0.0,0.0,0
2000,SYR,18937031609.7969,1138.18722723683,0.675642589410501,0.05575322241261337,16637888.0,0.2700285815573383,2.49405999884142,183780.0,8,0.07513853667699821,1.0,0.11890606420927467,0
2000,TAN,13371767081.7428,401.698150634766,4.52078463603256,0.03936831914946907,34260139.0,0.55603311779279,2.84152432501121,885800.0,4,0.03756926833849911,0.0,0.0,0
2000,TGA,204848487.806485,1995.07667546271,3.75409745006452,0.000603102087850661,102677.0,0.0016664209224489805,0.616444657597358,720.0,3,0.02817695125387433,1.0,0.11890606420927467,0
2000,THA,126392224253.794,2005.97694514234,4.45524704335014,0.37211607052507106,63007815.0,1.022600399250024,1.13127017975852,510890.0,52,0.4884004884004884,2.0,0.23781212841854935,3
2000,TJK,860541842.263697,136.925716400723,8.32432449473859,0.002533553395045662,6284735.0,0.10199960941639699,1.22252956506886,139960.0,4,0.03756926833849911,0.0,0.0,0
2000,TKM,2904663310.9825,633.835487638011,5.46906425232281,0.008551727797042111,4582677.0,0.07437565212877009,1.99474439724003,469930.0,8,0.07513853667699821,0.0,0.0,0
2000,TOG,2106848752.27753,440.420399069497,-0.783479610048047,0.006202852141551972,4783722.0,0.0776385600278493,2.49694541999729,54390.0,3,0.02817695125387433,0.0,0.0,0
2000,TTO,8154342116.10311,6178.58975559687,6.90135959072803,0.024007503340303764,1319774.0,0.02141958770225251,0.384592207827917,5130.0,19,0.17845402460787077,2.0,0.23781212841854935,2
2000,TUN,21473528160.7782,2199.04465936314,4.7099729138049,0.06322101669366245,9764935.0,0.158482347461986,1.12222559070037,155360.0,47,0.4414389029773645,1.0,0.11890606420927467,0
2000,TUR,274748463178.502,4199.3798635759,6.98528697817062,0.8088972174070858,65425961.0,1.061846277956417,1.28297648712556,769630.0,57,0.5353620738236123,6.0,0.713436385255648,5
2000,UAE,104337463730.167,29865.5285002232,10.852837927302,0.30718382591211035,3493575.0,0.056699810806165915,6.73568170124179,71020.0,4,0.03756926833849911,0.0,0.0,0
2000,UGA,6193246837.09687,258.050338731086,3.141907338187,0.01823376944601189,24000150.0,0.389516173066158,3.14418360294887,199810.0,13,0.1221001221001221,1.0,0.11890606420927467,0
2000,UKR,32375083934.8241,653.294311523438,5.90000000024899,0.09531669442382226,49556660.0,0.8042916628913047,-0.843515300409476,579350.0,230,2.1602329294636986,23.0,2.7348394768133173,23
2000,URU,22823270892.1094,6987.70098766257,-1.92993063549235,0.06719484470696024,3266206.0,0.05300967125479314,0.373944815859448,175020.0,15,0.14088475626937166,0.0,0.0,1
2000,USA,10250952000000.0,36329.9702595751,4.07758575997799,30.180210846844197,282162411.0,4.579422316770537,1.11276899679534,9161920.0,586,5.503897811590119,101.0,12.009512485136742,91
2000,UZB,13760513969.314,555.149231099186,3.83500000014025,0.040512843388091316,24787054.0,0.4022874196896354,1.26281282930164,435965.0,70,0.6574621959237343,2.0,0.23781212841854935,4
2000,VAN,272014627.835262,1460.23817692229,5.92480905652918,0.0008008484306134748,186281.0,0.003023292030880514,2.29858977943606,12190.0,3,0.02817695125387433,0.0,0.0,0
2000,VEN,117146466002.661,4776.2816763938,3.53535353535352,0.34489528815694137,24526708.0,0.39806207203167987,1.89379499634952,882050.0,50,0.46961585423123886,0.0,0.0,0
2000,VIE,31172518403.3162,404.029784055118,6.78731640463151,0.09177617630432901,77154011.0,1.2521894697084917,1.12950984166849,311060.0,7,0.06574621959237344,0.0,0.0,1
2000,VIN,427946037.037037,3768.95536604022,1.63903190394467,0.001259931919381651,113545.0,0.0018428057270807436,0.157771141222912,390.0,4,0.03756926833849911,0.0,0.0,0
2000,YEM,9679316770.18633,493.235182634814,6.1819155928913,0.028497238205546026,19624141.0,0.31849468865947445,3.07742893586094,527970.0,2,0.018784634169249553,0.0,0.0,0
2000,ZAM,3600632111.41414,359.429500988221,3.89732294341896,0.01060075554976714,10017631.0,0.1625835376157611,2.8105009556372,743390.0,8,0.07513853667699821,1.0,0.11890606420927467,0
2000,ZIM,6693250000.0,562.833757496076,-3.05911780575599,0.01970584744232925,11892055.0,0.193004950114573,0.917384654947152,386850.0,16,0.15027707335399643,0.0,0.0,0
2004,AFG,5224896718.67782,221.763653873013,1.41411799339429,0.011803702096821416,23560654.0,0.36289844522690456,3.57583485398158,652230.0,5,0.04736193994506015,0.0,0.0,0
2004,ALB,7406645793.44038,2446.90949947798,5.26626173860785,0.016732549022436788,3026939.0,0.04662313095793866,-0.417931377925999,27400.0,7,0.06630671592308421,0.0,0.0,0
2004,ALG,91913680985.1708,2816.99384960555,4.49999999976698,0.20764462292486785,32628286.0,0.5025647530759875,1.39644042529783,2381740.0,61,0.5778156673297338,5.0,0.5405405405405406,0
2004,AND,2900245324.32047,39021.1278078772,8.13567633837351,0.006552020768870048,74325.0,0.00114480807457593,6.73220754538658,470.0,6,0.05683432793407218,0.0,0.0,0
2004,ANG,26997977896.2907,1451.47117870872,11.4198633904585,0.06099184452109648,18600423.0,0.28649733522943616,3.59445752400652,1246700.0,30,0.2841716396703609,0.0,0.0,0
2004,ANT,1026329629.62963,13037.8895772257,5.76710338270556,0.0023186083579379976,78719.0,0.0012124876800880273,1.06640091579038,440.0,5,0.04736193994506015,0.0,0.0,0
2004,ARG,164657930452.787,4242.02099089422,9.02957330068152,0.3719830771000705,38815916.0,0.5978711612359372,1.01407652046238,2736690.0,152,1.4398029743298286,4.0,0.43243243243243246,6
2004,ARM,3576615240.41616,1130.08791444158,10.4999999988202,0.00808002590020706,3164900.0,0.048748107302056656,-0.554559192905497,28470.0,18,0.17050298380221654,1.0,0.10810810810810811,0
2004,ARU,2254830726.25698,23700.6319899197,7.29372807096192,0.0050939476136156025,95138.0,0.001465385140921693,2.13535781849357,180.0,4,0.03788955195604812,0.0,0.0,0
2004,ASA,509000000.0,8958.42866697173,0.409836065573771,0.0011498953358837817,56818.0,0.0008751524410528784,-0.268918950346124,200.0,3,0.02841716396703609,0.0,0.0,0
2004,AUS,615643050220.515,30886.0500949401,4.21894147547516,1.3908154656538998,19932722.0,0.3070183800050761,1.06919812205752,7682300.0,470,4.452022354835654,58.0,6.27027027027027,50
2004,AUT,299210411454.823,36614.2506533707,2.56525534067859,0.6759541386635918,8171966.0,0.12587060426451346,0.620413127334181,82520.0,74,0.7009567111868902,3.0,0.32432432432432434,7
2004,AZE,8680405740.94125,1045.0136328106,9.25380179728907,0.019610133742803824,8306500.0,0.12794279544520634,0.875427280482454,82672.0,36,0.3410059676044331,3.0,0.32432432432432434,5
2004,BAH,9055290000.0,26650.2934234303,0.882373744518318,0.02045704466812387,339782.0,0.0052335711698023365,1.23306270632529,10010.0,22,0.20839253575826466,3.0,0.32432432432432434,2
2004,BAN,65108544250.0425,455.614016909798,5.23953291029852,0.1470884309613098,142902856.0,2.201094428910345,1.36154790691024,130170.0,4,0.03788955195604812,0.0,0.0,0
2004,BAR,3444500000.0,12886.3665272467,1.411597864066,0.007781560873186024,267298.0,0.004117119525301001,0.57102921384559,430.0,10,0.0947238798901203,1.0,0.10810810810810811,0
2004,BDI,915257323.3961,125.194965184533,4.83365776809453,0.0020676819789914526,7310656.0,0.11260407694916878,3.72769286109058,25680.0,7,0.06630671592308421,0.0,0.0,0
2004,BEL,369214712443.206,35429.4077933344,3.57120671942319,0.8341027029039573,10421137.0,0.16051398296484337,0.432788248129175,30333.0,50,0.4736193994506015,5.0,0.5405405405405406,3
2004,BEN,6190270380.49856,758.695803786371,4.42968455385082,0.013984603218850327,8159094.0,0.12567234029497507,3.06173106096489,112760.0,4,0.03788955195604812,0.0,0.0,0
2004,BER,4484703000.0,71692.1589001679,2.32126722323136,0.010131510928337925,62555.0,0.0009635179159784365,0.270527854058021,54.0,10,0.0947238798901203,0.0,0.0,0
2004,BHU,735348490.428435,1130.35934606796,5.15725736177561,0.001661245185447617,650544.0,0.010020155049672705,1.99990053168434,38117.0,2,0.01894477597802406,0.0,0.0,0
2004,BIH,10156541220.9704,2452.6860917386,6.32526794858342,0.022944910370737197,4140987.0,0.06378251401700581,-0.902366959162245,51200.0,9,0.08525149190110827,0.0,0.0,0
2004,BIZ,1400202000.0,5153.71308265363,4.78066505273344,0.0031632332988116756,271688.0,0.004184737519884093,2.95389266992451,22810.0,2,0.01894477597802406,0.0,0.0,0
2004,BLR,23141566292.9462,2378.33700470129,11.4497432088167,0.05227972327171743,9730146.0,0.14987083360380338,-0.682169472243919,202815.0,151,1.4303305863408164,17.0,1.837837837837838,13
2004,BOL,8773451751.5121,953.191893246277,4.1732955905708,0.01982033644138538,9204287.0,0.14177116822488076,1.68272509947837,1083300.0,7,0.06630671592308421,0.0,0.0,0
2004,BOT,8957467706.5354,4956.69287735214,2.70582170611173,0.020236051742779277,1807146.0,0.027834985976960557,1.75338203751141,566730.0,11,0.10419626787913233,0.0,0.0,0
2004,BRA,669289424806.307,3663.823188064,5.75996463670954,1.5120094065640697,182675143.0,2.813696316592165,1.12991417032023,8358140.0,243,2.3017902813299234,12.0,1.2972972972972974,10
2004,BRN,13150159574.4681,15963.9493171617,6.98096175867695,0.029707872614554667,823741.0,0.012687862067396584,7.46118982341814,730.0,10,0.0947238798901203,0.0,0.0,0
2004,BRU,8619178773.51458,24423.0946995548,0.104538372603315,0.019471814284504736,352911.0,0.005435793641529311,1.79377776163247,5270.0,1,0.00947238798901203,0.0,0.0,0
2004,BUL,26159078743.1056,3389.86047992391,6.5104241389717,0.05909666530002693,7716860.0,0.11886072840056523,-0.754796951273604,108760.0,95,0.8998768589561429,13.0,1.4054054054054055,12
2004,BUR,5451688537.60959,403.81283743461,4.47845213670386,0.012316053481509513,13500533.0,0.2079450950484871,3.14512608695879,273600.0,5,0.04736193994506015,0.0,0.0,0
2004,CAF,1272360517.32373,303.461321152782,5.99488422798696,0.0028744232307136206,4192826.0,0.06458097625417959,2.16355960798951,622980.0,4,0.03788955195604812,0.0,0.0,0
2004,CAM,5883297159.87352,444.199067529081,9.45769481103929,0.013291111913078312,13244731.0,0.20400504533314673,1.47375057040259,176520.0,4,0.03788955195604812,0.0,0.0,0
2004,CAN,1026691006917.76,32145.5653280273,3.09236381038156,2.319424754908754,31938807.0,0.49194489264611146,0.932186964148048,8965590.0,262,2.481765653121152,14.0,1.5135135135135136,12
2004,CGO,4656974940.12721,1306.10136324599,3.47663162118089,0.010520695015677666,3565554.0,0.054919273589458535,3.41769832826944,341500.0,5,0.04736193994506015,0.0,0.0,0
2004,CHA,4422855660.82592,445.850767157087,33.6293718498522,0.00999178997184854,9920036.0,0.1527956584309978,4.4546309402426,1259200.0,1,0.00947238798901203,0.0,0.0,0
2004,CHI,99075985773.6682,6120.59152055344,6.67425416822923,0.2238251747332593,16187322.0,0.24932898663115496,1.00938163923532,743532.0,22,0.20839253575826466,1.0,0.10810810810810811,3
2004,CHN,1984196551300.44,1530.92726215723,10.1404291872206,4.482550805141574,1296075000.0,19.963096202569773,0.593932815112141,9388212.5,383,3.6279245997916076,58.0,6.27027027027027,63
2004,CIV,23510575681.3686,1199.82524528546,3.18503822575397,0.05311336212170612,19595000.0,0.30181653846371137,2.42497124712807,318000.0,5,0.04736193994506015,0.0,0.0,0
2004,CMR,18826214135.6419,1133.39326749673,7.04886281858374,0.042530797302404603,16610487.0,0.25584688382426524,2.74741504067453,472710.0,17,0.1610305958132045,1.0,0.10810810810810811,1
2004,COD,10297483481.223,180.664764963633,6.73837393320788,0.023263316751274292,56997741.0,0.8779209435504547,2.94457864295254,2267050.0,4,0.03788955195604812,0.0,0.0,0
2004,COL,117092416666.245,2818.57195413044,5.33302206759905,0.2645265693357083,41543171.0,0.6398783397818851,1.46883725533231,1109500.0,53,0.5020365634176376,1.0,0.10810810810810811,2
2004,COM,622679660.37137,1072.28409029621,3.10041210399676,0.0014067120573884786,580704.0,0.008944428229243738,1.89592485384757,1861.0,3,0.02841716396703609,0.0,0.0,0
2004,CPV,924940011.836897,1929.49081468781,10.197072633926,0.0020895563960383846,479370.0,0.007383607759293152,1.25679558194683,4030.0,3,0.02841716396703609,0.0,0.0,0
2004,CRC,18610594843.9248,4431.01172024063,4.42459978667458,0.04204368606886421,4200078.0,0.06469267686846583,1.47010716590985,51060.0,20,0.1894477597802406,2.0,0.21621621621621623,0
2004,CRO,41836096243.0481,9718.92771524605,4.17049297825163,0.09451302935455014,4304600.0,0.06630260124883347,0.0279042785156658,55964.0,81,0.7672634271099744,2.0,0.21621621621621623,5
2004,CUB,38203000000.0,3399.21962893402,5.77053807021559,0.08630540573038922,11238756.0,0.17310754950539764,0.261696675732895,106410.0,151,1.4303305863408164,29.0,3.135135135135135,27
2004,CYP,17320551250.0,23792.619140625,5.02627226665527,0.039129314533027516,1017875.0,0.015678056090265385,1.8127204878139,9240.0,20,0.1894477597802406,0.0,0.0,0
2004,CZE,120147899983.657,11782.5546676117,4.73633969683438,0.271429292352531,10197101.0,0.15706321644219698,0.0304348483027166,77260.0,142,1.3450790944397082,8.0,0.8648648648648649,9
2004,DEN,251986155630.852,46625.050098011,2.77635180744053,0.5692685757705334,5404523.0,0.08324442071485139,0.258432282052875,40000.0,92,0.8714596949891068,6.0,0.6486486486486487,8
2004,DMA,396711111.111111,5778.83306546506,4.09783662273917,0.0008962205429468355,68649.0,0.0010573821663176996,0.172036782480506,750.0,2,0.01894477597802406,0.0,0.0,0
2004,DOM,22322387382.494,2451.69161616569,2.58556667449577,0.050429094571553694,9104892.0,0.1402402136527654,1.37429292476688,48310.0,33,0.312588803637397,0.0,0.0,1
2004,ECU,35194947000.0,2586.20914663347,6.83239736646514,0.07950983379563241,13608701.0,0.2096111777906429,1.75235156486952,248360.0,16,0.1515582078241925,0.0,0.0,0
2004,EGY,78782467532.4675,991.255689145253,4.09207161019908,0.17797955199410578,79477443.0,1.2241697745448803,2.06437734857129,995450.0,97,0.9188216349341669,0.0,0.0,5
2004,ERI,1109054005.43971,426.840947887032,1.45173556595506,0.0025054931789751447,2598284.0,0.04002067276476886,4.10022739741036,120982.625,4,0.03788955195604812,0.0,0.0,1
2004,ESA,13724810900.0,2285.68907438892,0.889404485692197,0.031006082592921196,6004671.0,0.09248833966998889,0.101172439142576,20720.0,7,0.06630671592308421,0.0,0.0,0
2004,ESP,1069829382514.67,24925.0267844576,3.1145314799161,2.4168797979273973,42921895.0,0.6611144564022904,1.7254663034483,499180.0,316,2.9932746045278016,11.0,1.1891891891891893,20
2004,EST,12148595031.0559,8916.0728274602,6.80070110758655,0.02744521171660524,1362550.0,0.020986992828973206,-0.597820510395586,42390.0,42,0.39784029553850525,3.0,0.32432432432432434,3
2004,ETH,10131187261.4421,133.169812538096,13.5726031401471,0.02288763257150777,76077206.0,1.1717968344430056,2.99474712931538,1128597.3,26,0.2462820877143128,8.0,0.8648648648648649,7
2004,FIJ,2708078476.63012,3097.19096651759,5.30000086613597,0.006117891570695937,874366.0,0.013467625387617324,0.928394421815226,18270.0,8,0.07577910391209625,0.0,0.0,0
2004,FIN,197458297639.769,37768.1334202029,4.00537952277651,0.44608325243128083,5228172.0,0.08052813347960698,0.290350361518584,304590.0,53,0.5020365634176376,4.0,0.43243243243243246,2
2004,FRA,2109792297237.03,33644.9282220364,2.86825052501032,4.7662874700911395,62707588.0,0.965868188087194,0.732625502527391,538950.0,308,2.917495500615705,38.0,4.108108108108108,33
2004,FSM,235538100.0,2104.42796515524,-3.19037831026102,0.0005321103391216656,111925.0,0.0017239508072238272,-0.321127790347554,700.0,5,0.04736193994506015,0.0,0.0,0
2004,GAB,7770219008.21293,5465.79193590708,0.689543058464849,0.017553906869036448,1421609.0,0.021896662793001186,2.80043793009716,257670.0,5,0.04736193994506015,0.0,0.0,0
2004,GAM,961900651.423441,593.285346326581,7.05000000064635,0.0021730551525646095,1621312.0,0.024972634631777332,2.73240205558954,10120.0,2,0.01894477597802406,0.0,0.0,0
2004,GBR,2429774807762.72,40504.4118103928,2.32601853325993,5.489168406079105,59987905.0,0.9239776390298527,0.568943113421317,241930.0,264,2.500710429099176,28.0,3.027027027027027,30
2004,GBS,582169841.298304,431.376557669634,1.17189152277038,0.0013151952557978804,1349563.0,0.02078695754522591,2.30540545476551,28120.0,3,0.02841716396703609,0.0,0.0,0
2004,GEO,5125365191.98664,1305.04748557208,5.79268292682926,0.011578847797576662,3927340.0,0.0604917664797179,-0.619262410024726,69490.0,32,0.303116415648385,6.0,0.6486486486486487,4
2004,GEQ,4410764338.66733,4901.30127408119,37.9987268556423,0.009964474146789932,899917.0,0.013861180599369622,5.95846501494265,28050.0,2,0.01894477597802406,0.0,0.0,0
2004,GER,2852317768061.78,34566.7359143735,1.16208684507278,6.443746361400156,82516260.0,1.2709758591564995,-0.021709727650009,348770.0,441,4.177323103154305,56.0,6.054054054054054,49
2004,GHA,8881417906.71432,406.132105329565,5.59999999077445,0.020064245632545177,21868298.0,0.3368315388850677,2.64856422445373,227540.0,26,0.2462820877143128,0.0,0.0,0
2004,GRE,234979615898.225,21449.2552764245,5.37786634595851,0.5308486529452484,10955141.0,0.1687391035979526,0.247413542822812,128900.0,426,4.035237283319125,13.0,1.4054054054054055,16
2004,GRN,599118592.592593,5480.26117644588,-0.647450316084857,0.001353484627236696,109323.0,0.0016838728979060127,0.402370769308206,340.0,5,0.04736193994506015,0.0,0.0,0
2004,GUA,23577298094.6571,1840.91184884,3.13791683609193,0.05326409648681291,12807402.0,0.1972689838404294,2.22294147751077,107160.0,18,0.17050298380221654,0.0,0.0,0
2004,GUI,5300767960.51572,584.897740538081,2.34011731288737,0.011975104822002383,9062726.0,0.13959074204465818,2.14071157501219,245720.0,3,0.02841716396703609,0.0,0.0,0
2004,GUM,3869000000.0,23618.8266894573,6.49378949662236,0.008740560028554719,163810.0,0.0025231215700811716,0.411688102683209,540.0,4,0.03788955195604812,0.0,0.0,0
2004,GUY,787814379.183843,1033.31030902188,1.56335211034042,0.0017797722596575212,762418.0,0.011743320317551717,-0.0895433023955464,196850.0,4,0.03788955195604812,0.0,0.0,0
2004,HAI,6087360684.2969,683.185298155273,-1.3178567596495,0.013752117207692162,8910263.0,0.1372423952774322,1.70178992075307,27560.0,8,0.07577910391209625,0.0,0.0,0
2004,HKG,169099768875.193,24928.1003722551,8.70006555836002,0.3820177515296855,6783500.0,0.10448443422651627,0.77991856230718,1050.0,32,0.303116415648385,0.0,0.0,1
2004,HON,8869299234.3377,1215.13995412761,6.23230296069102,0.020036868019887067,7298994.0,0.11242445028565443,2.49393448320234,111890.0,5,0.04736193994506015,0.0,0.0,0
2004,HUN,104015363080.271,10291.2694721409,4.96312536156307,0.23498385238951225,10107146.0,0.15567766366253363,-0.221439378654807,89620.0,209,1.9797290897035142,17.0,1.837837837837838,17
2004,INA,256836875295.452,1126.84004447173,5.03087394501685,0.5802269646074749,227926649.0,3.510693147477078,1.27101139474106,1877519.0,38,0.35995074358245716,6.0,0.6486486486486487,4
2004,IND,709152728830.775,624.258826510066,7.92293661307978,1.6020656489425626,1135991513.0,17.497373114458494,1.7035704679088,2973190.0,73,0.6914843231978782,1.0,0.10810810810810811,1
2004,IRI,187754571247.666,2672.4226651404,4.33666597851041,0.4241613079932226,70256316.0,1.082139224308888,2.13922055681238,1628760.0,37,0.3504783555934451,4.0,0.43243243243243246,6
2004,IRL,194372115041.065,47754.2023194244,6.78813990621356,0.4391111758577338,4070262.0,0.06269315577853446,1.82831381790901,68890.0,46,0.4357298474945534,1.0,0.10810810810810811,0
2004,IRQ,36633669269.3981,1328.37157628292,53.3855472887501,0.08276008925184657,27577878.0,0.424774670892296,2.85128305805808,437370.0,24,0.2273373117362887,0.0,0.0,0
2004,ISL,13963943244.0018,47809.6073050042,7.62260520494142,0.03154631278354326,292074.0,0.0044987376195585625,0.8779361576874,100250.0,26,0.2462820877143128,1.0,0.10810810810810811,0
2004,ISR,139925423025.435,20550.0694706176,4.64944459908543,0.31610921671613523,6809000.0,0.10487720389892374,1.76762364154994,21640.0,36,0.3410059676044331,1.0,0.10810810810810811,2
2004,ISV,3797000000.0,35006.3614404514,3.28589367936377,0.008577902927997485,108466.0,0.001670672756366671,-0.0359495051596945,350.0,6,0.05683432793407218,0.0,0.0,0
2004,ITA,1812808753294.75,31348.1901841445,1.4740217064723,4.095364106606928,57828179.0,0.890711957715738,0.744609563112575,295718.0,364,3.447949228000379,34.0,3.675675675675676,32
2004,JAM,10174664853.9476,3807.56293124552,1.32372510450574,0.022985853948398787,2672225.0,0.0411595661901603,0.585569135450925,10830.0,47,0.4452022354835654,9.0,0.972972972972973,5
2004,JOR,11411706629.055,1940.08641342805,8.56721424236906,0.02578048767627579,5882061.0,0.0905998106686602,2.41295841696554,88240.0,8,0.07577910391209625,0.0,0.0,0
2004,JPN,4941485123806.53,38677.5708064787,2.11294823723127,11.163439481737171,127761000.0,1.9678684751550002,0.0336622582725446,364500.0,306,2.898550724637681,18.0,1.945945945945946,37
2004,KAZ,43151647002.6096,2722.47407755402,9.60000000136854,0.09748502480157985,15850159.0,0.2441357552171187,0.650552959098631,2699700.0,114,1.0798522307473715,7.0,0.7567567567567568,8
2004,KEN,16095337093.8366,463.662781300121,5.10429977629738,0.03636140089131616,34713455.0,0.5346820528816439,3.10482476419105,569140.0,46,0.4357298474945534,7.0,0.7567567567567568,7
2004,KGZ,2211534585.0034,433.233873286,7.02681242497607,0.004996136158037494,5104713.0,0.07862652755859696,1.2102014656817,191800.0,29,0.27469925168134884,1.0,0.10810810810810811,0
2004,KIR,104085892.133271,1083.2688987175,-0.608967597152244,0.00023514318643487372,96085.0,0.0014799715283636493,2.00784628062857,810.0,3,0.02841716396703609,0.0,0.0,0
2004,KOR,823251107638.814,17121.6301633201,5.1836368597334,1.8598283083202933,48082519.0,0.7406021661237884,0.396331436697806,96820.0,264,2.500710429099176,28.0,3.027027027027027,30
2004,KSA,258742133333.333,13154.4978989446,8.63100545880309,0.5845311833332401,19669480.0,0.3029637339617863,4.59154568390222,2149690.0,16,0.1515582078241925,2.0,0.21621621621621623,0
2004,KUW,59439090600.6108,27552.2827399787,10.2402980586354,0.13428041856741826,2157320.0,0.033228622340318134,2.22351628059893,17820.0,11,0.10419626787913233,1.0,0.10810810810810811,0
2004,LAO,2366398119.86321,409.296298284117,6.35769548008234,0.005345992457514451,5781626.0,0.08905283725500351,1.45793744820894,230800.0,5,0.04736193994506015,0.0,0.0,0
2004,LAT,13827070378.5612,6109.73265186817,8.72514341727928,0.03123709968024424,2263122.0,0.03485826221796741,-1.09131295557421,62227.0,32,0.303116415648385,3.0,0.32432432432432434,4
2004,LBA,33122307692.3077,5773.76333234281,4.46163899648637,0.07482747962493543,5736693.0,0.08836074628675702,2.06583711688529,1759540.0,8,0.07577910391209625,0.0,0.0,0
2004,LBR,897000000.0,284.140223992458,2.61984689477413,0.0020264363777755447,3156892.0,0.04862476222218845,1.19050087276777,96320.0,2,0.01894477597802406,0.0,0.0,0
2004,LCA,1066666666.66667,6494.60034867886,7.2674088699471,0.002409734823070146,164239.0,0.0025297293422169684,0.771973333919315,610.0,2,0.01894477597802406,0.0,0.0,0
2004,LES,1511236655.52047,766.685820928242,1.69237417358596,0.0034140746200384945,1971129.0,0.0303607722197212,-0.704216157980622,30360.0,3,0.02841716396703609,0.0,0.0,0
2004,LIB,21159827992.0398,4600.68371412993,6.67944461641103,0.047802725964930556,4599279.0,0.07084146298590661,1.6169716035759,10230.0,5,0.04736193994506015,0.0,0.0,0
2004,LIE,3454373797.74442,100280.831356705,3.03917210306501,0.007803867030305412,34447.0,0.0005305779178596308,1.07405521315503,160.0,1,0.00947238798901203,0.0,0.0,0
2004,LTU,22743164431.1972,6734.57487061946,6.50203536075556,0.05137968310937443,3377075.0,0.052016182017470686,-1.12299127483243,62680.0,59,0.5588708913517098,5.0,0.5405405405405406,3
2004,LUX,35064843792.8993,76544.9170868473,4.23067892192488,0.07921591420618523,458095.0,0.007055914630647301,1.42133256471314,2574.46,10,0.0947238798901203,0.0,0.0,0
2004,MAD,5064732626.29389,272.20074858856,5.25700362208742,0.011441871167924873,18606608.0,0.2865926011284103,2.91610861061954,581540.0,8,0.07577910391209625,0.0,0.0,0
2004,MAR,66114145451.0067,2183.55541992188,4.57138016516208,0.1493602111788891,29953018.0,0.4613583163715866,1.28219021585352,446300.0,55,0.5209813393956616,5.0,0.5405405405405406,3
2004,MAS,124749473684.211,4939.24851854427,6.78343772370305,0.2818248289654829,25256772.0,0.3890232966474707,2.31172452935085,328550.0,26,0.2462820877143128,0.0,0.0,0
2004,MAW,5058726350.48896,404.674248445428,5.42049754993828,0.011428302231708527,12500737.0,0.1925455049545925,2.58631203946607,94280.0,4,0.03788955195604812,0.0,0.0,0
2004,MDA,2598249555.89984,897.178494749468,7.39999973358189,0.005869774156760968,2896023.0,0.04460666686253089,-0.247447154059097,32880.0,33,0.312588803637397,2.0,0.21621621621621623,0
2004,MDV,1226829562.5,4070.2609459446,5.92489251113133,0.0027715630488076436,301413.0,0.004642583736053209,1.64645534671167,300.0,4,0.03788955195604812,0.0,0.0,0
2004,MEX,819459227375.022,7849.66759649565,3.56544102622887,1.8512619715235072,104394131.0,1.6079548483974087,1.3653083154997,1943950.0,109,1.0324902908023113,6.0,0.6486486486486487,4
2004,MGL,1992066808.09598,794.154552001815,10.6254059599309,0.0045003307100166205,2508412.0,0.03863639841188238,1.12405283429406,1554444.019,20,0.1894477597802406,0.0,0.0,1
2004,MKD,5682784471.69722,2818.5814561242,4.67408957960916,0.01283812840636034,2016186.0,0.031054773126766848,-0.323800435972555,25430.0,10,0.0947238798901203,1.0,0.10810810810810811,0
2004,MLI,6485774930.41503,495.006294675661,1.47732490290102,0.014652185347890376,13102409.0,0.20181289767368094,3.23794608826987,1220190.0,21,0.19892014776925263,0.0,0.0,0
2004,MLT,6104141501.07928,15212.1312964883,0.407354423655889,0.01379002719384222,401268.0,0.006180623565004161,0.67162845452858,320.0,7,0.06630671592308421,0.0,0.0,0
2004,MON,4043553260.57916,125160.282928751,2.47048260499609,0.00913489790714663,32307.0,0.0004976160708419047,-0.207170649691514,2.027,3,0.02841716396703609,0.0,0.0,0
2004,MOZ,7937255565.35765,400.056973161545,8.20470494788577,0.01793126356448399,19840313.0,0.30559502892046814,2.28307737180822,786380.0,4,0.03788955195604812,1.0,0.10810810810810811,0
2004,MRI,6667418752.07307,5460.60800184198,4.33001985464323,0.01506254170018249,1221003.0,0.018806782287002142,0.627103982385528,2030.0,9,0.08525149190110827,0.0,0.0,0
2004,MTN,2362501023.24249,823.554457141893,4.7327579245203,0.005337188423668372,2868664.0,0.04418526351086829,2.34965515386841,1030700.0,2,0.01894477597802406,0.0,0.0,0
2004,MYA,10567354056.4049,224.508811413327,13.5646616163416,0.023872988491340973,47068772.0,0.7249876925122563,0.856837524813252,653420.0,2,0.01894477597802406,0.0,0.0,0
2004,NAM,6609205994.77406,3403.15496192955,12.2695481036769,0.014931031723547783,1942082.0,0.02991336905601845,1.27571138513782,823290.0,8,0.07577910391209625,0.0,0.0,0
2004,NCA,5792932838.40051,1098.62118662335,5.31217056950739,0.013086967489125233,5272912.0,0.08121725172052897,1.18180960798577,120340.0,5,0.04736193994506015,0.0,0.0,0
2004,NED,661224886143.245,40611.3414353091,2.01628331561487,1.493790594393717,16281779.0,0.25078388251141354,0.347475412048658,33760.0,210,1.9892014776925262,25.0,2.7027027027027026,22
2004,NEP,7273938314.71988,279.587750044428,4.68260325152944,0.016432746054229324,26016656.0,0.4007275864414977,1.26834840063401,143350.0,6,0.05683432793407218,0.0,0.0,0
2004,NGR,135764731645.611,962.48104194733,9.25055822923169,0.30670968899175116,141057045.0,2.1726638962908886,2.77053967849452,910770.0,70,0.6630671592308421,3.0,0.32432432432432434,2
2004,NIG,3760443737.53797,283.468281798296,0.363801578722132,0.008495317710507442,13265836.0,0.20433011999730988,3.59824904350361,1266700.0,4,0.03788955195604812,0.0,0.0,0
2004,NOR,265662977688.108,57854.5698169407,4.33015597691212,0.6001662455020679,4591910.0,0.07072796025194697,0.590930939690253,365244.0,52,0.4925641754286256,10.0,1.0810810810810811,6
2004,NRU,30587565.7988334,3040.51349889,-4.31476539773472,6.910117730474814e-05,10060.0,0.00015495148644781507,0.0099408519391914,20.0,3,0.02841716396703609,0.0,0.0,0
2004,NZL,103905210084.034,25420.234882944,4.09053577279863,0.23473500284804555,4087500.0,0.06295866807708192,1.48621908244575,263310.0,148,1.4019134223737804,4.0,0.43243243243243246,5
2004,OMA,28378933680.104,11800.8507411171,1.99251510973346,0.06411159818488557,2404821.0,0.037040813975240665,1.72066711093441,309500.0,2,0.01894477597802406,0.0,0.0,0
2004,PAK,132216048339.413,771.902247348954,7.83125556961251,0.29869276486144525,171286000.0,2.638272396391695,2.4680911760913,770880.0,26,0.2462820877143128,0.0,0.0,0
2004,PAN,15100203400.0,4644.56582353041,8.17565333965649,0.03411326809539572,3251155.0,0.050076669972390284,1.90499044238143,74340.0,4,0.03788955195604812,0.0,0.0,0
2004,PAR,9624440836.29309,1786.21533938543,4.05741836363771,0.021742828346056637,5388175.0,0.08299261684800756,1.15243910027232,397300.0,22,0.20839253575826466,0.0,0.0,1
2004,PER,66768703497.5687,2397.25147277714,4.95820320611745,0.15083894054000274,27852190.0,0.4289998251816074,0.980296012446146,1280000.0,12,0.11366865586814436,0.0,0.0,0
2004,PHI,95001999685.3314,1099.63013023758,6.56922851180626,0.21462152522160136,86394504.0,1.3307114130936089,1.94326756715565,298170.0,16,0.1515582078241925,0.0,0.0,0
2004,PLE,4603100000.0,1422.19088643544,21.9244861205987,0.01039898471631952,3236626.0,0.04985288367551152,2.55527589181892,6020.0,3,0.02841716396703609,0.0,0.0,0
2004,PLW,166363734.375,8393.73029137235,3.47251267849076,0.0003758367037682139,19820.0,0.000305282153220248,0.815628017637243,460.0,4,0.03788955195604812,0.0,0.0,0
2004,PNG,3927157866.96465,620.596147680561,2.72117574098235,0.008871946000986154,6328041.0,0.09746912119808332,3.27757216652727,452860.0,4,0.03788955195604812,0.0,0.0,0
2004,POL,256268656145.134,6711.72715262967,5.09079546409544,0.5789432857259218,38182222.0,0.5881105422246985,-0.0585127351273288,306330.0,194,1.8376432698683338,14.0,1.5135135135135136,10
2004,POR,189382122532.169,18064.1580932987,1.78873552917291,0.42783815206190967,10483861.0,0.16148010394257226,0.239128989611917,91500.0,81,0.7672634271099744,2.0,0.21621621621621623,3
2004,PUR,80322313000.0,20988.9923326534,8.7486769008168,0.18145825753653683,3826878.0,0.058944377192290426,0.0204626359646878,8870.0,43,0.40731268352751726,0.0,0.0,0
2004,QAT,31734065934.0659,41035.5008380177,19.2185032411244,0.07169126602398974,773332.0,0.01191142573734212,3.77511702353838,11610.0,15,0.14208581983518045,1.0,0.10810810810810811,0
2004,ROU,74973656851.8076,3494.99056448955,10.4281130180976,0.16937496724566736,21451748.0,0.3304155307657996,-0.569786272532879,230000.0,108,1.0230179028132993,26.0,2.810810810810811,19
2004,RSA,255806908594.573,5221.46333731721,4.55455990721774,0.5779001396458711,48991421.0,0.7546017402724357,1.00742279739678,1213090.0,106,1.0040731268352752,5.0,0.5405405405405406,6
2004,RUS,591016690732.385,4102.36474609375,7.19994786954857,1.3351814068814087,144067316.0,2.219030294507663,-0.402681471328549,16381230.0,446,4.224685043099365,89.0,9.621621621621621,90
2004,RWA,2376496067.01198,269.540446333402,7.44766737037035,0.005368804996469994,8816844.0,0.13580348743325046,2.6429108159401,24670.0,5,0.04736193994506015,0.0,0.0,0
2004,SAM,407747565.096959,2189.26042607992,3.0872602379675,0.0009211532874714378,186249.0,0.002868743479067506,0.440703577844664,2830.0,3,0.02841716396703609,0.0,0.0,0
2004,SEN,10076816666.6196,918.102079522155,4.64329393683312,0.022764802525543883,10975704.0,0.16905582998123556,2.34632515714346,192530.0,15,0.14208581983518045,0.0,0.0,0
2004,SEY,893012218.181818,10827.671636033,-2.8504539768538,0.0020174274746060953,82475.0,0.001270340342423812,-0.370334934558794,460.0,9,0.08525149190110827,0.0,0.0,0
2004,SGP,115033593101.049,27608.080013423,9.93998268434957,0.2598754266735737,4166664.0,0.06417800997302177,1.2519166730553,689.0,16,0.1515582078241925,0.0,0.0,0
2004,SKN,506900000.0,10944.6183741768,3.99634666125431,0.0011451511704508625,46315.0,0.0007133775442177491,0.30057001145304,260.0,2,0.01894477597802406,0.0,0.0,0
2004,SLE,2237350687.46606,417.749983329227,6.47884588417347,0.00505445799656895,5355717.0,0.08249267496459571,3.38061570413438,72180.0,2,0.01894477597802406,0.0,0.0,0
2004,SLO,34156553313.4031,17103.8297783905,4.54602214352336,0.07716397120814923,1997012.0,0.030759441138580923,0.0640662022616923,20140.0,79,0.7483186511319504,2.0,0.21621621621621623,4
2004,SMR,1715341294.5946,58232.0431338765,4.5488441461596,0.003875172797845144,29457.0,0.0004537182839257742,5.63499845738975,60.0,5,0.04736193994506015,0.0,0.0,0
2004,SOL,468000121.313434,986.070953503889,7.68364102152745,0.0010572714276844042,474611.0,0.00731030615650934,1.79794695108568,27990.0,2,0.01894477597802406,0.0,0.0,0
2004,SOM,3859592813.10255,375.410326225387,7.11031431125608,0.008719308004316674,10280998.0,0.1583554594698821,3.68380578936556,627340.0,2,0.01894477597802406,0.0,0.0,0
2004,SRI,20662525941.2985,1028.62068132555,5.44506127885352,0.04667925777500352,20087605.0,0.30940400138435015,0.679757715006083,62710.0,7,0.06630671592308421,1.0,0.10810810810810811,0
2004,STP,114582283.916382,726.560882130444,3.5379059435684,0.0002588558621814517,157705.0,0.0024290878896871446,2.49821189998236,960.0,2,0.01894477597802406,0.0,0.0,0
2004,SUI,409012909529.554,55349.6164595028,2.58692895529093,0.9240118604799397,7389625.0,0.11382041531231964,0.687425960233006,39518.694,98,0.928294022923179,9.0,0.972972972972973,5
2004,SUR,1484092538.40527,2887.7721728844,8.50000018479413,0.0033527526285503776,513923.0,0.007915818366771419,1.47189322083765,160507.61,4,0.03788955195604812,0.0,0.0,0
2004,SVK,42960730480.0495,7996.74076556872,5.38949856996771,0.09705372024591187,5372280.0,0.08274779041887356,-0.0203617202597358,48100.0,64,0.60623283129677,5.0,0.5405405405405406,6
2004,SWE,384545442175.019,42758.0048564929,4.17958419343711,0.8687367591206696,8993531.0,0.13852494998653128,0.393298991357658,407339.7,115,1.0893246187363834,12.0,1.2972972972972974,7
2004,SWZ,2710331785.24986,2525.5640452625,3.61711931922247,0.0061229820796785414,1073159.0,0.01652958074004481,0.603686468671865,17200.0,3,0.02841716396703609,0.0,0.0,0
2004,SYR,25086910447.9968,1368.11263904001,6.9025333036284,0.05667450160291874,18336875.0,0.28243797595007747,2.47115145720736,183570.0,6,0.05683432793407218,0.0,0.0,1
2004,TAN,16673062473.3981,450.385284423828,7.50381465859829,0.03766655554628563,38109668.0,0.5869930123889395,2.71326096371365,885800.0,8,0.07577910391209625,0.0,0.0,0
2004,TGA,230678011.42199,2195.44890047673,-1.96794740326561,0.0005211307847251317,105071.0,0.0016183804803735961,0.579379767566292,720.0,5,0.04736193994506015,0.0,0.0,0
2004,THA,172895685154.658,2641.56268717857,6.28934214285795,0.3905932061960158,65452047.0,1.0081403552387929,0.896077275303913,510890.0,42,0.39784029553850525,3.0,0.32432432432432434,8
2004,TJK,2076176869.41089,305.745158587502,10.2999989410117,0.004690345969755155,6790547.0,0.10459297728069099,1.96260002776105,139960.0,9,0.08525149190110827,0.0,0.0,0
2004,TKM,6838351088.46688,1379.23009682692,5.00040735874585,0.015448699453367087,4958093.0,0.07636817895591519,1.91878016561315,469930.0,9,0.08525149190110827,0.0,0.0,0
2004,TLS,440772000.0,474.420767344689,0.400003981151968,0.0009957596600946293,929074.0,0.014310278063620015,1.3213970309566,14870.0,2,0.01894477597802406,0.0,0.0,0
2004,TOG,3191561508.69088,604.311329116751,-0.978665332738743,0.0072101408507462645,5281320.0,0.08134675789329769,2.43812237847062,54390.0,3,0.02841716396703609,0.0,0.0,0
2004,TTO,13280291989.5755,9871.03419820086,7.95005151069972,0.03000185818858078,1345380.0,0.02072252791621883,0.497078430407533,5130.0,19,0.17997537179122858,2.0,0.21621621621621623,1
2004,TUN,31183885241.4396,3067.41936376975,6.23579072222647,0.07044833829836246,10166163.0,0.15658668671180706,0.934209359397325,155360.0,54,0.5115089514066496,0.0,0.0,0
2004,TUR,410156784495.948,5979.6054216148,9.92540551918624,0.9265960186109626,68592617.0,1.056513714065176,1.11548254617054,769630.0,64,0.60623283129677,5.0,0.5405405405405406,11
2004,UAE,147824249957.985,33376.6880534412,9.56652626277928,0.3339536651418571,4428967.0,0.06821819285072765,5.48794157690806,71020.0,4,0.03788955195604812,0.0,0.0,1
2004,UGA,7939487547.77384,292.38185796262,6.80723334361883,0.017936305894877217,27154515.0,0.41825372395819993,2.99944519470383,199810.0,11,0.10419626787913233,0.0,0.0,0
2004,UKR,67220154164.3166,1401.01806640625,11.7953525281136,0.15185882465802836,47979507.0,0.7390154998691202,-0.697090406399135,579340.0,239,2.263900729373875,23.0,2.4864864864864864,22
2004,URU,13686329890.1191,4168.66065438387,5.00416035564457,0.030919149127730347,3283148.0,0.050569449585305286,0.0597775816533495,175020.0,15,0.14208581983518045,1.0,0.10810810810810811,0
2004,USA,12217196000000.0,41724.6411982614,3.84777169267127,27.60018997638113,292805298.0,4.510001606848455,0.925483968943482,9161920.0,533,5.048782798143412,91.0,9.837837837837839,101
2004,UZB,12030023547.8807,462.171492867885,7.4490006055965,0.027177343749076776,26029350.0,0.4009231087246954,1.22957581560979,435853.0,69,0.6535947712418301,4.0,0.43243243243243246,5
2004,VAN,364996869.129618,1774.31867585894,3.98739280216959,0.0008245740617373886,205711.0,0.003168511454141798,2.44318438167928,12190.0,2,0.01894477597802406,0.0,0.0,0
2004,VEN,112451400424.964,4269.08970872392,18.2072829131653,0.25404192703784995,26340838.0,0.40572087498818016,1.71593189812023,882050.0,48,0.4546746234725774,0.0,0.0,2
2004,VIE,45427854693.2554,565.452284586212,7.53641060890386,0.10262726567972603,80338971.0,1.2374396596558557,0.969589431962946,310070.0,11,0.10419626787913233,1.0,0.10810810810810811,0
2004,VIN,549900185.185185,4873.48947742443,4.11469880444737,0.0012422940238626169,112835.0,0.0017379672935724864,-0.270825385911129,390.0,3,0.02841716396703609,0.0,0.0,0
2004,YEM,13867634371.4773,627.632023395762,3.972696401183,0.031328738867393645,22095167.0,0.340325941348182,2.93369063852526,527970.0,3,0.02841716396703609,0.0,0.0,0
2004,ZAM,6221110219.45542,548.685974566277,7.03239511515218,0.014054274313105535,11338198.0,0.17463922800592882,3.17745831747123,743390.0,6,0.05683432793407218,0.0,0.0,0
2004,ZIM,5808500000.0,469.719298949304,-5.80753964196205,0.01312213567481522,12365896.0,0.19046858513509848,1.08604865181957,386850.0,12,0.11366865586814436,0.0,0.0,3
2008,AFG,10109297047.5432,381.73323802844,3.92498381999467,0.015702896088345693,26482622.0,0.387735116401807,2.18654618162979,652230.0,4,0.036700614735296816,0.0,0.0,1
2008,ALB,13258506375.4518,4498.50486763601,6.90706230713707,0.020594601872044635,2947314.0,0.04315196345976148,-0.767342959142321,27400.0,11,0.10092669052206625,0.0,0.0,0
2008,ALG,180383848331.135,5180.91881514686,2.49999999929371,0.28019246175460827,34816961.0,0.5097591328416112,1.81885306168943,2381740.0,56,0.5138086062941555,0.0,0.0,2
2008,AND,4102319398.76562,49132.5157047203,-5.55918636850581,0.006372183440358644,83495.0,0.0012224599038557766,1.95686286864098,470.0,5,0.04587576841912102,0.0,0.0,0
2008,ANG,98790432989.3077,4578.15526451058,10.7866360496581,0.15345240093926996,21578655.0,0.31593557119153215,3.77828976645524,1246700.0,32,0.2936049178823745,0.0,0.0,0
2008,ANT,1557640740.74074,18786.6743142216,-0.0140065981851762,0.002419502620191568,82912.0,0.0012139241337623828,1.46768441039016,440.0,5,0.04587576841912102,0.0,0.0,0
2008,ARG,361558037110.419,8944.1102657357,4.05723310346406,0.5616125690985522,40424148.0,0.5918546030005591,1.01288878477428,2736690.0,132,1.211120286264795,6.0,0.6472491909385113,6
2008,ARM,11662040713.8753,3777.66859313767,6.90000000042959,0.01811479202231426,3087100.0,0.045198586372754875,-0.655422477046795,28470.0,25,0.2293788420956051,0.0,0.0,6
2008,ARU,2843024581.00559,28171.9094008501,1.83575517191368,0.004416105230876841,100917.0,0.0014775374108319471,0.762933470313563,180.0,2,0.018350307367648408,0.0,0.0,0
2008,ASA,560000000.0,10030.8089130902,-2.65734265734265,0.0008698549234549051,55828.0,0.0008173841728541865,-0.509197909248079,200.0,4,0.036700614735296816,0.0,0.0,0
2008,AUS,1058448244063.77,49811.2067218988,3.62398503565633,1.6441007434304808,21249199.0,0.31111196798074453,2.00391140524272,7682300.0,432,3.963666391412056,50.0,5.393743257820928,46
2008,AUT,429234399096.173,51581.3982361071,1.45330562142114,0.6667350988750245,8321496.0,0.12183598059879311,0.313041437661508,82520.0,70,0.6422607578676943,7.0,0.7551240560949298,3
2008,AZE,48851293785.4483,5574.46810432575,10.591437462476,0.07588131860073966,8763400.0,0.1283059479184348,2.09985403259251,82627.0,44,0.403706762088265,5.0,0.5393743257820928,7
2008,BAH,10526000000.0,29392.3824416397,-2.32364807041851,0.01635016593622559,358120.0,0.005243276133526927,1.34543405372794,10010.0,25,0.2293788420956051,2.0,0.21574973031283712,2
2008,BAN,91636997370.9772,613.06204104124,6.01378975738535,0.14234088095315842,149474264.0,2.1884699011719624,0.9984405660693,130170.0,5,0.04587576841912102,0.0,0.0,0
2008,BAR,4790410400.0,17565.6929970592,0.633460425791839,0.007441003699659966,272714.0,0.0039928370587475216,0.524263979237198,430.0,8,0.07340122947059363,0.0,0.0,0
2008,BDI,1611835857.04588,189.502074570768,4.90874190813545,0.002503684564379492,8505637.0,0.12453201017129334,4.12553206908571,25680.0,3,0.027525461051472612,0.0,0.0,0
2008,BEL,517328087920.078,48303.397956286,0.446905130727231,0.8035721148549854,10709973.0,0.15680594722891147,0.789976845480149,30333.0,94,0.8624644462794752,3.0,0.32362459546925565,2
2008,BEN,9787734526.23965,1060.60254502099,4.89657708429647,0.015203409048427005,9228466.0,0.13511503274562914,3.01959398464251,112760.0,5,0.04587576841912102,0.0,0.0,0
2008,BER,6980000000.0,110268.562401264,-1.86595582635186,0.010842120295920066,63300.0,0.0009267825847544244,0.459188519616631,54.0,6,0.055050922102945224,0.0,0.0,0
2008,BHU,1317517834.59916,1919.59774896395,4.52944877696235,0.0020465167413673655,686351.0,0.010048943978337818,1.12968896454968,38117.0,2,0.018350307367648408,0.0,0.0,0
2008,BIH,19112796623.1175,4841.69311934649,5.44184730165964,0.029688143292162572,3947544.0,0.05779644599923885,-1.65511289388464,51200.0,5,0.04587576841912102,0.0,0.0,0
2008,BIZ,1738453600.0,5711.81458859709,-1.62747776449082,0.0027003614699248287,304361.0,0.004456184427779485,2.75172617782414,22810.0,4,0.036700614735296816,0.0,0.0,0
2008,BLR,60752106347.126,6376.17569162063,10.1999994860937,0.09436699788625631,9527985.0,0.13950032489417669,-0.345415054298517,202902.0,177,1.624002202036884,13.0,1.4023732470334411,18
2008,BOL,16674276285.8956,1692.67248455876,6.14849787777658,0.025900359504167244,9850858.0,0.14422754564437282,1.68811436886035,1083300.0,7,0.06422607578676943,0.0,0.0,0
2008,BOT,10730829116.4105,5503.07395314313,3.25207295796832,0.01666832953511236,1949970.0,0.028549735178413665,2.0082147581123,566730.0,11,0.10092669052206625,0.0,0.0,0
2008,BRA,1695855083497.52,8908.33176538648,5.09419544658736,2.6341926675827625,190367302.0,2.7871895766237933,0.957984635895359,8358140.0,268,2.4589411872648865,10.0,1.0787486515641855,16
2008,BRN,25710904255.3191,23299.4992780392,6.24501094995797,0.03993706545172677,1103496.0,0.01615641192963931,5.99407232077657,760.0,14,0.12845215157353887,0.0,0.0,0
2008,BUL,54483464293.1671,7271.67443724077,6.12955885899744,0.08462983868266236,7492561.0,0.10969944786745964,-0.70192274454598,108610.0,70,0.6422607578676943,12.0,1.2944983818770226,5
2008,BUR,9451435490.11467,619.437533256264,5.79999174105387,0.014681031597844053,15258093.0,0.22339549556024313,2.93816522811728,273600.0,6,0.055050922102945224,0.0,0.0,0
2008,CAF,1993407888.49838,437.24827472489,2.05413096200485,0.0030963851183288607,4558984.0,0.06674860940559343,2.1330142206447,622980.0,3,0.027525461051472612,0.0,0.0,0
2008,CAM,12174303999.0812,866.283999789749,7.47636606631011,0.018910496916495573,14053479.0,0.20575860335564017,1.51791486007376,176520.0,4,0.036700614735296816,0.0,0.0,0
2008,CAN,1552993439550.14,46710.3654423328,0.995406371264522,2.4122839097961726,33247298.0,0.48677751621707116,1.083871149194,8965590.0,332,3.0461510230296356,12.0,1.2944983818770226,19
2008,CAY,4585949023.79609,89655.1196222184,-0.357401201092983,0.00712341131618258,51151.0,0.0007489076776109568,2.90387130778235,240.0,4,0.036700614735296816,0.0,0.0,0
2008,CGO,11649857673.4436,2832.09177777643,6.30637595585259,0.018095867954988964,4113517.0,0.06022647579291099,3.28885266905607,341500.0,5,0.04587576841912102,0.0,0.0,0
2008,CHA,13385593990.3378,1166.36883453841,3.08119033854541,0.020792008635470934,11476296.0,0.16802577046266765,3.49922011538019,1259200.0,2,0.018350307367648408,0.0,0.0,0
2008,CHI,179894594475.405,10683.2188772511,3.78939280635238,0.27943249769170464,16838988.0,0.2465415611893955,0.999137869915681,743532.0,26,0.23855399577942932,3.0,0.32362459546925565,1
2008,CHN,4667346414521.95,3523.44302065213,9.66877608164454,7.249846889538422,1324655000.0,19.39442630028234,0.51238693163744,9388210.8,599,5.495917056610698,63.0,6.796116504854369,100
2008,CIV,34078240293.2559,1583.97066701372,4.7826659787672,0.05293415196744281,21514439.0,0.31499537734536165,2.27477682329573,318000.0,21,0.1926782273603083,0.0,0.0,0
2008,CMR,27715142032.913,1492.14269801453,2.8476778892105,0.043050272770681,18574056.0,0.2719448914542405,2.86258453269924,472710.0,32,0.2936049178823745,1.0,0.10787486515641856,1
2008,COD,22723488723.3641,352.900363371995,7.43333574200602,0.03529667597158978,64390664.0,0.9427511218953185,3.01581282864875,2267050.0,5,0.04587576841912102,0.0,0.0,0
2008,COL,242504150472.931,5541.83629665898,3.28344618616541,0.3766846950841575,43758808.0,0.6406777438232636,1.20339154806457,1109500.0,67,0.6147352968162216,2.0,0.21574973031283712,2
2008,COM,915659107.965823,1455.02768595586,3.96461118871815,0.001422304612982853,629307.0,0.009213756209542694,1.98685114604965,1861.0,3,0.027525461051472612,0.0,0.0,0
2008,CPV,1959620648.31578,3908.64885822576,7.03901129565128,0.0030439029804310257,501355.0,0.007340396252441619,1.03555151023311,4030.0,2,0.018350307367648408,0.0,0.0,0
2008,CRC,30801745703.3018,6937.24261660254,4.73817511214847,0.04784473241254114,4440056.0,0.06500737087100143,1.35616451871952,51060.0,8,0.07340122947059363,0.0,0.0,0
2008,CRO,68473103476.6775,15888.1184388903,1.97176786914632,0.10636011818468769,4309705.0,0.06309888687881622,-0.0118794578559279,55964.0,99,0.9083402146985962,5.0,0.5393743257820928,5
2008,CUB,56302129629.6296,4986.12436479175,4.11682804164681,0.08745479403451714,11291762.0,0.16532398693193978,0.0397714096996831,106440.0,158,1.4496742820442243,27.0,2.912621359223301,24
2008,CYP,27958384913.4219,35541.88671875,3.64698922103939,0.04342810494426318,1091026.0,0.015973837224554196,1.69266521990115,9240.0,17,0.15597761262501147,0.0,0.0,0
2008,CZE,236506264753.95,22774.7045076205,2.61226807205139,0.3673681050431298,10384603.0,0.15204216761435307,0.829412602993033,77240.0,134,1.2294705936324433,9.0,0.970873786407767,6
2008,DEN,354979471960.142,64616.6657583663,-0.417178439991005,0.5513940025177714,5493621.0,0.08043273728343106,0.587547590258978,40000.0,84,0.7707129094412332,8.0,0.8629989212513485,7
2008,DMA,480003703.703704,6971.32633839289,7.12131217762231,0.0007455956873986721,68854.0,0.0010080993379254523,0.0101669559495206,750.0,2,0.018350307367648408,0.0,0.0,0
2008,DOM,48091433554.186,5023.58513403515,3.26808671288212,0.07470101830913056,9573130.0,0.1401612980345991,1.23469232350419,48310.0,24,0.2202036884117809,1.0,0.10787486515641856,2
2008,ECU,61139438000.0,4194.75750661981,6.56492068224719,0.0949686449313677,14575202.0,0.2133972098400925,1.70519778784789,248360.0,25,0.2293788420956051,0.0,0.0,1
2008,EGY,162818181818.182,1896.21594269779,7.15628356711522,0.252907494790217,85864789.0,1.257156257327224,1.86740413264217,995450.0,100,0.9175153683824204,5.0,0.5393743257820928,1
2008,ERI,1380188800.0,490.066956003333,-9.78303001782456,0.0021438643267452095,2816327.0,0.04123416771838347,2.63004117479615,121057.494,10,0.09175153683824204,1.0,0.10787486515641856,0
2008,ESA,17986890000.0,2983.24829577976,2.15440298282768,0.027939258614538925,6029297.0,0.0882756312466366,0.32349566022278,20720.0,11,0.10092669052206625,0.0,0.0,0
2008,ESP,1636115447612.5,35603.248328071,0.767165748290694,2.541398352582784,45954106.0,0.6728193544827615,1.59533049906372,498800.0,283,2.5965684925222496,20.0,2.157497303128371,18
2008,EST,24342935403.5447,18205.9064113446,-5.12531154308803,0.03781218252163942,1337090.0,0.019576488566339548,-0.268133719541207,42390.0,47,0.4312322231397376,3.0,0.32362459546925565,2
2008,ETH,27066912635.2228,316.410475118075,10.7885216870332,0.04204337003298631,85543668.0,1.252454687810653,2.89435688963486,1128568.3,27,0.2477291494632535,7.0,0.7551240560949298,7
2008,FIJ,3523185919.55826,3899.92231512129,1.03279368777636,0.005472608247097767,903399.0,0.013226768724874601,0.618134789575492,18270.0,6,0.055050922102945224,0.0,0.0,0
2008,FIN,285698662071.094,53769.4726240385,0.784431235717051,0.4437792639768219,5313399.0,0.07779408624094114,0.465549284507694,303900.0,57,0.5229837599779796,2.0,0.21574973031283712,4
2008,FRA,2926802941585.86,45464.8181385158,0.380171435849121,4.546239194144213,64375116.0,0.9425234818380079,0.558020613148126,538950.0,309,2.8351224883016792,33.0,3.559870550161812,41
2008,FSM,261000000.0,2395.90218109716,-2.53164556962025,0.00040541452682451825,108936.0,0.0015949445126825904,-0.862830740479894,700.0,5,0.04587576841912102,0.0,0.0,0
2008,GAB,15571348344.3379,9688.64519690633,-3.30843064878751,0.024187167896703048,1607175.0,0.02353083413353384,3.22072516127824,257670.0,4,0.036700614735296816,0.0,0.0,0
2008,GAM,1561766955.73024,859.127671411226,6.25590553394287,0.002425911920948443,1817852.0,0.026615380335876775,2.90664631280342,10120.0,3,0.027525461051472612,0.0,0.0,0
2008,GBR,2945251838235.29,47652.4030691881,-0.0494116727402769,4.574896093399244,61806995.0,0.9049233267299176,0.787032622318939,241930.0,304,2.789246719882558,30.0,3.236245954692557,48
2008,GBS,952667544.037289,640.210331101753,4.52457514610252,0.001479790274279515,1488054.0,0.02178676986373081,2.52259007377628,28120.0,3,0.027525461051472612,0.0,0.0,0
2008,GEO,12795145130.9103,3324.7537205015,2.42161440960641,0.019874857122218537,3848449.0,0.05634558470008815,-0.303790529341209,69490.0,35,0.32113037893384716,4.0,0.43149946062567424,6
2008,GEQ,19749893536.3204,18210.5552970599,17.7991091333811,0.03067775380406876,1084530.0,0.015878728540974975,4.57370994415875,28050.0,3,0.027525461051472612,0.0,0.0,0
2008,GER,3808197720125.0,46379.1647953479,0.887902330743628,5.915320600607992,82110097.0,1.2021833796539734,-0.190142844695674,348630.0,420,3.8535645472061657,49.0,5.28586839266451,41
2008,GHA,28679383241.0729,1182.65761256016,9.14979893831817,0.044548040560530994,24249946.0,0.35504625014273644,2.5377798286274,227540.0,9,0.08257638315441784,0.0,0.0,0
2008,GRE,351121399546.485,31695.8331092209,0.0574740238200775,0.5454012109390837,11077841.0,0.16219194495226757,0.265457836726293,128900.0,152,1.394623359941279,16.0,1.725997842502697,4
2008,GRN,825976037.037037,7448.2040563865,0.947542624907697,0.001282998790129353,110896.0,0.0016236410982452868,0.337822901198071,340.0,9,0.08257638315441784,0.0,0.0,0
2008,GUA,38503720224.3166,2763.05988172926,3.29352400028485,0.059808304657949986,13935174.0,0.20402648623574487,2.05271863868285,107160.0,12,0.11010184420589045,0.0,0.0,0
2008,GUI,6964179983.17212,703.532825784369,4.13301615965833,0.010817546868193513,9898870.0,0.14493049486173823,2.41908604968745,245720.0,5,0.04587576841912102,0.0,0.0,0
2008,GUM,4658000000.0,28112.2316573422,2.03458799593082,0.007235328988308835,165693.0,0.0024259302814488917,0.257433064578674,540.0,6,0.055050922102945224,0.0,0.0,0
2008,GUY,3025187433.33637,4008.9628671603,1.75522349592019,0.00469906104153848,754606.0,0.01104827328832855,-0.298385829541619,196850.0,4,0.036700614735296816,0.0,0.0,0
2008,HAI,10432962634.8748,1094.66058421644,2.6580323082747,0.016205649846726615,9530774.0,0.1395411589641432,1.66611362408622,27560.0,7,0.06422607578676943,0.0,0.0,0
2008,HKG,219278749139.734,31515.5292103443,2.12793685154209,0.3406083920504119,6957800.0,0.10186995052455504,0.598238786949717,1050.0,34,0.31195522525002295,1.0,0.10787486515641856,0
2008,HON,13881731875.7466,1732.49062702803,4.23160011009342,0.02156266574678406,8012587.0,0.1173132083796161,2.24385864950969,111890.0,25,0.2293788420956051,0.0,0.0,0
2008,HUN,158228265915.534,15762.6322515113,0.993437085479655,0.24577792167207,10038188.0,0.14697026573287275,-0.17509736747488,89610.0,171,1.568951279933939,17.0,1.8338727076591155,10
2008,INA,510228634992.258,2124.55483920618,6.01370360009123,0.7925444468494487,240157903.0,3.5161794959169406,1.29735043016571,1877519.0,24,0.2202036884117809,4.0,0.43149946062567424,5
2008,IND,1198895139005.92,992.519584923828,3.08669805950082,1.8622586417329505,1207930964.0,17.685456256253136,1.43877181746736,2973190.0,53,0.4862831452426828,1.0,0.10787486515641856,3
2008,IRI,406070949553.875,5377.4115072957,0.250856553493634,0.6307550263240117,75514204.0,1.1056121511657646,1.214476845232,1628760.0,54,0.495458298926507,6.0,0.6472491909385113,2
2008,IRL,275447471451.063,61353.1065629523,-4.48407081043062,0.42785596284805627,4489544.0,0.06573193037422935,2.03870801117202,68890.0,55,0.5046334526103312,0.0,0.0,3
2008,IRQ,131614434153.505,4542.96609046032,8.22810710383277,0.20443832776099596,28971036.0,0.424168272149976,2.02029989529593,437370.0,4,0.036700614735296816,0.0,0.0,0
2008,ISL,18247921360.2599,57489.3399795216,1.69961072411662,0.02834472185364286,317414.0,0.004647294902957992,1.85957217059918,100250.0,27,0.2477291494632535,0.0,0.0,1
2008,ISR,220952472408.027,30231.0191013609,3.2158134842205,0.3432082070958149,7308800.0,0.10700898191869095,1.7765791059698,21640.0,43,0.3945316084044408,2.0,0.21574973031283712,1
2008,ISV,4244000000.0,39152.3750657306,1.21862495452891,0.0065922576698975305,108397.0,0.001587052951652849,0.0553674103119773,350.0,7,0.06422607578676943,0.0,0.0,0
2008,ITA,2417508414187.19,40828.5795580937,-1.02313851177097,3.7551457081685484,59211181.0,0.8669177152218336,0.771291301351719,295718.0,333,3.05532617671346,32.0,3.451995685005394,27
2008,JAM,13709401520.0326,5029.80095281745,-0.811736702186792,0.021294982874679493,2725635.0,0.039906335709275285,0.435156176173166,10830.0,50,0.4587576841912102,5.0,0.5393743257820928,9
2008,JOR,25651620830.6149,3669.83012701745,7.22038637280149,0.03984497977519423,6989866.0,0.10233943252080678,2.35427976058258,88240.0,7,0.06422607578676943,0.0,0.0,0
2008,JPN,5160197175876.43,40294.2081309702,-1.16662209355141,8.01539807041823,128063000.0,1.87498512087529,0.0484253945978966,364500.0,332,3.0461510230296356,37.0,3.9913700107874863,25
2008,KAZ,133441648851.982,8123.54705891736,3.30000000021091,0.20727656294256627,16426525.0,0.24050264293891266,1.03606576058941,2699700.0,130,1.1927699788971464,8.0,0.8629989212513485,13
2008,KEN,35895153327.8497,915.54435473604,0.232282744812977,0.055756385447140684,39206351.0,0.5740246969758169,3.02964938264436,569140.0,46,0.42205706945591337,7.0,0.7551240560949298,15
2008,KGZ,5139958909.17936,966.388569370494,8.40161604861429,0.00798396172054566,5318729.0,0.07787212338433357,0.951050106115373,191800.0,20,0.18350307367648408,0.0,0.0,2
2008,KIR,147017894.97877,1410.62246914058,-2.98473121631831,0.0002283647138986772,104222.0,0.0015259262961812895,2.08839816441385,810.0,2,0.018350307367648408,0.0,0.0,0
2008,KOR,1091580692542.34,22252.3125108061,3.00440451679569,1.6955657852790524,49054708.0,0.7182156251913672,0.759316681850927,96990.0,265,2.431415726213414,30.0,3.236245954692557,31
2008,KSA,519796800000.0,22320.4888964331,6.2379875365458,0.8074067958501868,23287877.0,0.34096048719594174,4.02875655811595,2149690.0,14,0.12845215157353887,0.0,0.0,0
2008,KUW,147379737229.753,55585.1889344442,2.47975694278544,0.22892676794069786,2651421.0,0.03881975999450491,5.5655156760957,17820.0,8,0.07340122947059363,0.0,0.0,0
2008,LAO,5446433157.40114,885.747376088762,7.82490276337012,0.008460011959345403,6148969.0,0.09002776277085037,1.5195940495706,230800.0,4,0.036700614735296816,0.0,0.0,0
2008,LAT,34135200994.0067,15677.6080864506,-3.38871665849958,0.05302262972814196,2177322.0,0.031878421974765765,-1.0509395443743,62227.0,47,0.4312322231397376,4.0,0.43149946062567424,3
2008,LBA,86710767415.1371,13906.1407818125,-0.162048238799883,0.13468890705823242,6235430.0,0.09129364822204235,2.12409959672873,1759540.0,6,0.055050922102945224,0.0,0.0,0
2008,LBR,1726000000.0,451.713856283285,7.14569112811476,0.0026810171390770823,3821003.0,0.055943744655519906,4.05801806274783,96320.0,3,0.027525461051472612,0.0,0.0,0
2008,LCA,1437731111.11111,8516.96075488787,4.94932194028057,0.002233245510007661,168808.0,0.0024715373549324625,0.623950967419395,610.0,4,0.036700614735296816,0.0,0.0,0
2008,LES,1766902709.19935,898.482517882593,5.52341966978646,0.002744551822969402,1966541.0,0.028792353096454195,0.677229463442686,30360.0,5,0.04587576841912102,0.0,0.0,0
2008,LIB,29118916105.4726,5912.04532820842,9.06912826789082,0.04523077239288512,4925354.0,0.07211267473855519,1.66309647863534,10230.0,6,0.055050922102945224,0.0,0.0,0
2008,LIE,5081479840.08716,143249.227302093,1.79808847836411,0.00789312545952975,35473.0,0.0005193642753395528,0.596594686745767,160.0,2,0.018350307367648408,0.0,0.0,0
2008,LTU,47831254207.5223,14955.5345462921,2.59946154605602,0.07429687851327932,3198231.0,0.046825668133044666,-1.02848317546539,62675.0,71,0.6514359115515185,3.0,0.32362459546925565,5
2008,LUX,58844277701.5258,120422.137934157,-0.302272983306707,0.09140354406396412,488650.0,0.007154380885311998,1.78749663225793,2574.46,13,0.11927699788971466,0.0,0.0,0
2008,MAD,10725137723.6549,512.579800058444,6.71263253913001,0.016659489024380622,20923840.0,0.30634834941845207,2.93532927308935,581540.0,6,0.055050922102945224,0.0,0.0,0
2008,MAR,101822906949.063,3183.20043945313,5.68453936284732,0.1581627802323806,31606767.0,0.46275831304882853,1.33869604527126,446300.0,47,0.4312322231397376,3.0,0.32362459546925565,2
2008,MAS,230811614370.384,8371.82156086005,4.83176988913097,0.3585225341975954,27570059.0,0.4036564066643283,2.09531674831339,328550.0,32,0.2936049178823745,0.0,0.0,1
2008,MAW,7743617352.21427,554.048820396119,7.63973639944591,0.01202825656995432,13976417.0,0.2046303297451134,2.90426164632368,94280.0,4,0.036700614735296816,0.0,0.0,0
2008,MDA,6054824248.24221,2110.55305353857,7.80000014541523,0.009405033362477912,2868833.0,0.0420029141069319,-0.190349156188775,32890.0,29,0.2660794568309019,0.0,0.0,1
2008,MDV,2271646187.5,6757.43280929292,8.97645459033633,0.0035285761081150706,336170.0,0.004921903657454895,3.53961652894355,300.0,4,0.036700614735296816,0.0,0.0,0
2008,MEX,1161553459984.65,10523.7685427665,0.943331872912935,1.8042553500423708,110374288.0,1.6160026528131002,1.46015632826518,1943950.0,83,0.7615377557574089,4.0,0.43149946062567424,3
2008,MGL,5623216608.04288,2127.42678594737,8.90036794067551,0.008734611878856232,2643201.0,0.038699410028522584,1.57679522082476,1557465.087,28,0.25690430314707774,1.0,0.10787486515641856,4
2008,MHL,146600000.0,2817.60522775322,-7.56634669678148,0.00022771559246158765,52030.0,0.000761777217768921,-0.0096093787610558,180.0,5,0.04587576841912102,0.0,0.0,0
2008,MKD,9909552434.51136,5026.4202989873,5.47200139015595,0.015392630311418298,1971493.0,0.02886485589834525,-0.578593804248589,25230.0,7,0.06422607578676943,0.0,0.0,0
2008,MLI,11462490840.2195,767.194838946144,3.63871070923719,0.01780482873646729,14940782.0,0.2187497086921387,3.2862188900418,1220190.0,17,0.15597761262501147,0.0,0.0,0
2008,MLT,9172399572.85742,22405.6426266551,4.41059689827608,0.014247601657760168,409379.0,0.005993765051566849,0.650655460565174,320.0,6,0.055050922102945224,0.0,0.0,0
2008,MNE,4559410049.1032,7390.01481290503,6.89860030860218,0.007082187998682481,616969.0,0.009033114131648538,0.177475866720179,13450.0,19,0.17432791999265987,0.0,0.0,0
2008,MON,6502945305.07812,204263.893236529,0.746871215179652,0.010101105340321718,31836.0,0.00046611453978265174,-0.0031410487964548,2.027,5,0.04587576841912102,0.0,0.0,0
2008,MOZ,12920340964.6544,592.159111184122,6.87802942560995,0.02006932535860844,21819036.0,0.31945501707630075,2.46564120587285,786380.0,4,0.036700614735296816,0.0,0.0,0
2008,MRI,10127741914.5324,8140.47983639243,5.4630565042284,0.015731546728279668,1244121.0,0.01821531873818735,0.361630847401639,2030.0,11,0.10092669052206625,0.0,0.0,1
2008,MTN,5206437193.80413,1635.5630623124,-0.331079195278377,0.00808722326194511,3183269.0,0.0466066077691727,2.87480873438379,1030700.0,2,0.018350307367648408,0.0,0.0,0
2008,MYA,31862554101.9378,658.442487229705,10.2553053929808,0.049492499213248,48390793.0,0.7084951692710317,0.550688224031359,653310.0,6,0.055050922102945224,0.0,0.0,0
2008,NAM,8607431497.49471,4204.78555422749,2.64981203780268,0.0133700297614225,2047056.0,0.029971182477362607,1.39984615902945,823290.0,10,0.09175153683824204,0.0,0.0,0
2008,NCA,8496967596.77008,1523.68437086409,3.43571693608081,0.013198444818727225,5576593.0,0.08164753988409842,1.43313226086457,120340.0,6,0.055050922102945224,0.0,0.0,0
2008,NED,957901566041.406,58246.7026905874,2.11674514240192,1.4879203453683587,16445593.0,0.24078181972131546,0.389292461499527,33760.0,237,2.1745114230663365,22.0,2.373247033441208,16
2008,NEP,12545438605.3959,464.817391891529,6.10463914373472,0.019486984888937253,26990037.0,0.39516423781165166,0.749540559520267,143350.0,8,0.07340122947059363,0.0,0.0,0
2008,NGR,339476276257.793,2154.10543545364,6.76447277784263,0.5273126969624621,157595014.0,2.307366736482302,2.78453384410814,910770.0,74,0.678961372602991,2.0,0.21574973031283712,4
2008,NIG,7297600226.00536,475.044955398162,7.73141422777337,0.011335452653564983,15361915.0,0.2249155654103912,3.70203244818704,1266700.0,4,0.036700614735296816,0.0,0.0,0
2008,NOR,472060283687.943,99001.5300678626,0.822805797014865,0.7332570748812078,4768212.0,0.0698119406321811,1.24633301535167,365244.0,84,0.7707129094412332,6.0,0.6472491909385113,9
2008,NRU,37602264.7306872,3756.84531228766,19.9999999999999,5.840806269471962e-05,10009.0,0.00014654292086582993,-0.109840741983694,20.0,1,0.009175153683824204,0.0,0.0,0
2008,NZL,133437126590.286,31324.7397977102,-1.02561134479848,0.20726953845756374,4259800.0,0.06236822203059869,0.848701402422591,263310.0,178,1.6331773557207083,5.0,0.5393743257820928,9
2008,OMA,69804681404.4213,26576.779241509,8.95005895005896,0.10842847464256593,2626529.0,0.038455313357858664,2.16896017651993,309500.0,4,0.036700614735296816,0.0,0.0,0
2008,PAK,202203748583.854,1067.04324565284,2.1204410433083,0.3140855825833985,189499113.0,2.7744783215609914,2.67715693120755,770880.0,21,0.1926782273603083,0.0,0.0,0
2008,PAN,25721328000.0,7347.59050324397,10.1974325907958,0.03995325678321162,3500648.0,0.05125339023310278,1.82065403181381,74340.0,5,0.04587576841912102,0.0,0.0,1
2008,PAR,24615267663.5456,4384.9546943793,6.4962921197091,0.0382351995880276,5613574.0,0.08218898296098315,0.969992282647573,397300.0,7,0.06422607578676943,1.0,0.10787486515641856,0
2008,PER,120550599815.441,4197.58444634142,9.1265683014642,0.18725273709804163,28719041.0,0.4204787843546333,0.657968680657885,1280000.0,13,0.11927699788971466,0.0,0.0,0
2008,PHI,181624626327.361,1959.29233534978,4.34448730509183,0.282119777556272,92699095.0,1.357218117985718,1.76733466433421,298170.0,15,0.13762730525736305,0.0,0.0,0
2008,PLE,7310400000.0,2035.20234121766,7.42918225547835,0.01135533470075846,3591977.0,0.05259054863251885,2.75135880229092,6020.0,4,0.036700614735296816,0.0,0.0,0
2008,PLW,199046109.375,10471.1510008417,-5.55349767521281,0.00030918078256140586,19009.0,0.00027831295661290446,-1.52961662609278,460.0,5,0.04587576841912102,0.0,0.0,0
2008,PNG,11670892800.5309,1624.79319935188,-0.296457845880582,0.018128542077957513,7183002.0,0.10516715892347868,3.10574391860633,452860.0,7,0.06422607578676943,0.0,0.0,0
2008,POL,535612030671.888,14048.5604672654,4.38377069274605,0.8319727891814668,38125759.0,0.5582036251460388,0.0136373796827091,306300.0,257,2.3580144967428205,10.0,1.0787486515641855,10
2008,POR,263416394624.084,24949.0413566739,0.319247344434558,0.40916794246874943,10558177.0,0.15458348452377116,0.144191279853498,91470.0,77,0.7064868336544637,3.0,0.32362459546925565,2
2008,PUR,93639300000.0,24898.3345857045,-1.84413421831884,0.14545108238191232,3760866.0,0.055063271917773035,-0.58667739163101,8870.0,22,0.2018533810441325,0.0,0.0,0
2008,QAT,115269780219.78,80781.2113909506,17.6630346842674,0.17904997473167938,1426938.0,0.020891963474317675,16.6072361839519,11610.0,20,0.18350307367648408,0.0,0.0,0
2008,ROU,214315932061.275,10435.1561230787,9.30746717077338,0.3328995869255839,20537875.0,0.3006973914354388,-1.66638264306554,229900.0,101,0.9266905220662446,19.0,2.0496224379719523,8
2008,RSA,316131258616.309,6184.75474328399,3.1910438863288,0.4910505924382005,51114599.0,0.7483747263808201,1.15309551684298,1213090.0,134,1.2294705936324433,6.0,0.6472491909385113,1
2008,RUS,1660848058303.11,11635.2841796875,5.19996926404957,2.579815822545499,142742366.0,2.089907407826889,-0.0439492591634852,16376870.0,454,4.1655197724561885,90.0,9.70873786407767,72
2008,RWA,5120655375.24365,522.288339420679,11.161247324054,0.007953977302627703,9804269.0,0.14354543073377055,2.62837643087324,24670.0,4,0.036700614735296816,0.0,0.0,0
2008,SAM,641346191.664776,3373.60639884263,3.55610467395,0.0009962109686761761,190107.0,0.002783378465085456,0.714778949876493,2830.0,6,0.055050922102945224,0.0,0.0,0
2008,SEN,16853989627.548,1398.79218010021,3.70316906391386,0.026179510459608087,12048959.0,0.1764101953494484,2.3395118470328,192530.0,15,0.13762730525736305,0.0,0.0,0
2008,SEY,979597394.293453,11265.4376270005,-2.72594626154864,0.001521620743624564,86956.0,0.0012731328031580684,2.23628271543202,460.0,9,0.08257638315441784,0.0,0.0,0
2008,SGP,193617323539.203,40008.5720489092,1.86348345462035,0.30074818240488754,4839396.0,0.07085415376824995,5.32151708302623,700.0,25,0.2293788420956051,0.0,0.0,1
2008,SKN,777692592.592593,16604.9448615905,11.3170358267109,0.0012079995189304938,46835.0,0.000685716624912693,0.275815058165901,260.0,4,0.036700614735296816,0.0,0.0,0
2008,SLE,4157895298.19572,705.359014080005,3.68605969932123,0.0064585101720456214,5894722.0,0.08630530318434076,2.49702214618885,72180.0,3,0.027525461051472612,0.0,0.0,0
2008,SLO,55509332322.3578,27461.9764165315,3.37223866114127,0.08622333217553113,2021316.0,0.029594320175125973,0.158140843634363,20146.2,61,0.5596843747132765,4.0,0.43149946062567424,5
2008,SMR,2403214435.9375,75902.1677701187,-0.500939261114581,0.0037329426950323875,31662.0,0.0004635669857582083,1.43466268697041,60.0,4,0.036700614735296816,0.0,0.0,0
2008,SOL,776335523.470373,1525.84666261203,6.22590636247851,0.0012058915666850803,508790.0,0.007449252943083785,1.71153079844048,27990.0,3,0.027525461051472612,0.0,0.0,0
2008,SOM,5913620292.90573,507.03744334738,6.69435192582009,0.009185699512905156,11663084.0,0.17076055506679258,2.96295013077131,627340.0,2,0.018350307367648408,0.0,0.0,0
2008,SRB,54220641201.6474,7376.73517910716,5.16089327231823,0.08422159232524085,7350222.0,0.10761544618765932,-0.425705551624613,87460.0,87,0.7982383704927057,2.0,0.21574973031283712,3
2008,SRI,40713826215.0093,1973.58476901287,5.95008814473897,0.06324128961752361,20629378.0,0.3020370973888793,0.665501489405385,62710.0,8,0.07340122947059363,0.0,0.0,0
2008,STP,188021165.00338,1081.8684584729,6.2287850696102,0.00029205560016413784,173793.0,0.0025445233136212587,2.38327636004872,960.0,3,0.027525461051472612,0.0,0.0,0
2008,SUI,574703945157.419,75147.5376709155,2.53159615417233,0.8926947432573903,7647675.0,0.11197048979244538,1.27061807385776,39514.422,83,0.7615377557574089,5.0,0.5393743257820928,7
2008,SUR,3532969034.60838,6576.08546307249,4.14340681165626,0.005487804480656826,537245.0,0.007865865872770786,1.16620762103283,160507.61,4,0.036700614735296816,0.0,0.0,0
2008,SVK,96685492864.2317,17973.8436435514,5.36337721231949,0.1501827714189572,5379233.0,0.07875796941131591,0.0857552995195914,48100.0,57,0.5229837599779796,6.0,0.6472491909385113,6
2008,SWE,514614100832.941,55817.1759726485,-0.923113250067971,0.7993564451586656,9219637.0,0.13498576634056125,0.779033290770134,407339.7,123,1.128543903110377,7.0,0.7551240560949298,5
2008,SWZ,3235921170.5095,2946.8606613746,1.44055358727118,0.005026396360856515,1098091.0,0.01607727670261565,0.6748941459051,17200.0,4,0.036700614735296816,0.0,0.0,0
2008,SYR,52557913397.4638,2429.1247629459,4.47662154277957,0.08163885667017928,21636564.0,0.31678342352487404,3.53953603606328,183640.0,7,0.06422607578676943,1.0,0.10787486515641856,0
2008,TAN,27947821397.9272,675.977233886719,5.68641685905224,0.04341169650504522,42570728.0,0.6232829278154431,2.70285900109119,885800.0,9,0.08257638315441784,0.0,0.0,0
2008,TGA,344438844.333518,3218.45303993196,4.86284132376997,0.0005350211153082649,107020.0,0.0015668921361835465,0.275093040718062,720.0,3,0.027525461051472612,0.0,0.0,0
2008,THA,291382982430.951,4309.13509292986,1.72569884866334,0.45260878906881574,67619830.0,0.9900297129234561,0.768156179389423,510890.0,47,0.4312322231397376,8.0,0.8629989212513485,4
2008,TJK,5161299725.27673,703.327375898643,7.89999827154939,0.008017110674032879,7338403.0,0.10744240284849324,1.98075956919701,139960.0,15,0.13762730525736305,0.0,0.0,2
2008,TKM,19271523178.8079,3605.50395120549,14.7000000144534,0.029934695213502456,5345029.0,0.07825718471101668,1.90736323009162,469930.0,10,0.09175153683824204,0.0,0.0,0
2008,TLS,648523600.0,628.153219252849,11.3948048266465,0.0010073597257798206,1032429.0,0.01511591180403516,2.7037190705407,14870.0,1,0.009175153683824204,0.0,0.0,0
2008,TOG,4578847112.70688,771.351190404751,4.03561315398862,0.007112379829884564,5936138.0,0.08691167960661864,3.21297180409526,54390.0,4,0.036700614735296816,0.0,0.0,1
2008,TTO,27871587349.5413,21298.9945258063,3.39173707807387,0.043293281215182056,1308587.0,0.01915917286312856,0.413435896307233,5130.0,28,0.25690430314707774,1.0,0.10787486515641856,2
2008,TUN,44859439902.2191,4255.05008019523,4.23778147502819,0.06968072261138342,10542635.0,0.15435593231315103,0.961991588143559,155360.0,26,0.23855399577942932,0.0,0.0,1
2008,TUR,775415944332.866,10913.4079047769,0.920118221365883,1.2044631730417465,71051678.0,1.0402757944388479,1.26560336535681,769630.0,67,0.6147352968162216,11.0,1.186623516720604,7
2008,TUV,31602915.0009478,3062.00125965971,6.57919977159274,4.9089198587680924e-05,10321.0,0.0001511109487717285,1.3559199103652,30.0,3,0.027525461051472612,0.0,0.0,0
2008,UAE,315474615741.223,50054.1700685968,3.19181235452885,0.4900306209420484,6302664.0,0.09227802895353332,11.3816344065238,71020.0,8,0.07340122947059363,1.0,0.10787486515641856,0
2008,UGA,14440404132.2047,472.842681495852,8.70875190154499,0.022430458269780025,30539553.0,0.4471331100566309,2.9444861420196,199810.0,11,0.10092669052206625,0.0,0.0,0
2008,UKR,188110390659.515,4017.806640625,2.24349159628288,0.292194195478937,46819175.0,0.6854849292665044,-0.518999631278387,579320.0,243,2.2295623451692816,22.0,2.373247033441208,27
2008,URU,31119602538.8322,9423.96562595893,7.17614466455107,0.04833846336493384,3302177.0,0.048347553481463044,0.212934707039678,175020.0,12,0.11010184420589045,0.0,0.0,0
2008,USA,14769862000000.0,48570.0594269601,0.113587247501258,22.942209249016983,304093966.0,4.452274752254408,0.945865287282592,9147420.0,588,5.394990366088632,101.0,10.895361380798274,110
2008,UZB,29549438883.8338,1074.72928796701,9.02916101784781,0.045899508747201154,27494774.0,0.402554150315304,1.53479281387558,435967.0,56,0.5138086062941555,5.0,0.5393743257820928,6
2008,VAN,590748429.401902,2603.60883136724,5.60099182147225,0.0009176168389973157,226896.0,0.0033220104478742475,2.50809716109013,12190.0,3,0.027525461051472612,0.0,0.0,0
2008,VEN,315953388510.678,11262.4514256759,5.21582733812949,0.49077430460406013,28053696.0,0.41073739163972917,1.45176982660994,882050.0,108,0.990916597853014,2.0,0.21574973031283712,1
2008,VIE,99130304099.1274,1163.83195772873,5.66177120891362,0.1539803269360856,85175788.0,1.247068514393916,1.82745521345807,312792.0,13,0.11927699788971466,0.0,0.0,1
2008,VIN,732663259.259259,6598.90531450859,0.404640808638888,0.0011380548987521143,111028.0,0.0016255737254362438,-0.452015740934878,390.0,2,0.018350307367648408,0.0,0.0,0
2008,YEM,26910855807.288,1071.63583282105,3.64756947012633,0.041800965032775875,25111941.0,0.36766681813871416,3.21232812061682,527970.0,5,0.04587576841912102,0.0,0.0,0
2008,ZAM,17910858637.9048,1375.50211006997,7.77389581542363,0.027821158159796973,13021324.0,0.19064670321713775,3.56663855229215,743390.0,8,0.07340122947059363,0.0,0.0,0
2008,ZIM,4418000000.0,340.917447588572,-17.6689987958491,0.006862534021113876,12959149.0,0.18973639188685174,1.20398732561507,386850.0,13,0.11927699788971466,3.0,0.32362459546925565,4
2012,AFG,19907329777.5872,651.417134470046,12.7522870926697,0.02617482540128053,30560034.0,0.42583585240471367,4.04786256315645,652230.0,6,0.05705048968336978,1.0,0.1044932079414838,1
2012,ALB,12246499747.9714,4280.93316338873,0.984129880204108,0.016102108934814084,2860708.0,0.03986226028613003,-1.54313670532257,27400.0,9,0.08557573452505467,0.0,0.0,0
2012,ALG,227143746075.934,6033.64884689543,2.40000000034432,0.2986562216507858,37646166.0,0.5245768767266211,1.99280790148967,2381740.0,38,0.3613197679946753,2.0,0.2089864158829676,1
2012,AND,3188652765.29297,41500.5435782722,-4.97444371853503,0.004192547686170375,76834.0,0.0010706359778154622,-1.22756477898092,470.0,6,0.05705048968336978,0.0,0.0,0
2012,ANG,143572907527.976,5702.45306277434,8.50312283866612,0.18877447798799873,25177394.0,0.35083197339765143,3.88358355528674,1246700.0,33,0.31377769325853383,0.0,0.0,0
2012,ANT,1364729629.62963,15639.8078114787,3.37314273947959,0.001794392325570814,87260.0,0.0012159160713248983,1.06918387987395,440.0,4,0.03803365978891319,0.0,0.0,0
2012,ARG,545982375701.128,12949.717486654,-1.0264204544321,0.7178759540238783,42161721.0,0.587498443257122,1.0276613644946,2736690.0,137,1.3026528477702768,6.0,0.6269592476489029,4
2012,ARM,10619320682.9474,3511.56399687426,7.20000000096486,0.013962639282205347,3024100.0,0.042139030383837095,-0.125578337719131,28470.0,24,0.22820195873347912,6.0,0.6269592476489029,3
2012,ARU,2615208379.88827,25119.6655449838,-1.04079988436683,0.0034385637599980397,104110.0,0.0014507107745316886,1.46978228958006,180.0,4,0.03803365978891319,0.0,0.0,0
2012,ASA,640000000.0,11745.4899153958,-4.33482810164425,0.0008414934822489233,54489.0,0.0007592717259961309,-0.742342325127959,200.0,4,0.03803365978891319,0.0,0.0,0
2012,AUS,1552728401401.58,68301.4402512587,3.95247138119184,2.041579421065968,22733465.0,0.3167772799725198,1.74582000067359,7682300.0,405,3.8509080536274602,46.0,4.806687565308255,35
2012,AUT,406750487603.59,48250.4059142637,0.628246239479637,0.5348091940937383,8429991.0,0.11746689821251718,0.45593747231891,82520.0,70,0.6655890463059808,3.0,0.31347962382445144,0
2012,AZE,69679944504.1972,7495.86527658099,2.20293891708398,0.09161752991210724,9295784.0,0.12953120743943214,1.32876382733755,82658.0,52,0.49443757725587145,7.0,0.7314524555903866,10
2012,BAH,10720400000.0,28552.0242683151,4.52003886739061,0.014095541761095872,375469.0,0.0052319366420386,1.00108170366546,10010.0,21,0.19967671389179423,2.0,0.2089864158829676,1
2012,BAN,133310747603.483,859.680536375497,6.52145877906443,0.17528144565947223,155070101.0,2.160809397064808,0.958355912717609,130170.0,5,0.047542074736141485,0.0,0.0,0
2012,BAR,5486500500.0,19811.2953079751,-2.85797051387257,0.007213835017352279,276938.0,0.003858965906034548,0.288929228963865,430.0,6,0.05705048968336978,0.0,0.0,0
2012,BDI,2327402362.81574,231.098787811507,4.42303118490126,0.0030601467482502956,10071028.0,0.14033377034108466,3.56852147814432,25680.0,6,0.05705048968336978,0.0,0.0,0
2012,BEL,498414364944.961,44874.1709182123,0.215803612089744,0.6553319368131577,11106932.0,0.1547684749245106,0.620163579337378,30333.0,111,1.055434059142341,2.0,0.2089864158829676,3
2012,BEN,11141358115.8991,1071.5258366283,4.811223315688,0.014649031621765994,10397657.0,0.14488515070391733,2.96766540040992,112760.0,5,0.047542074736141485,0.0,0.0,0
2012,BER,6378188000.0,100213.493385287,-5.30529910675297,0.008386255672747337,63646.0,0.0008868690611453641,-0.136600245767712,54.0,8,0.07606731957782638,0.0,0.0,0
2012,BHU,1973387227.96519,2751.2128864294,5.16482012683895,0.00259467576607184,717279.0,0.009994855188217416,1.10777662014052,38117.0,2,0.019016829894456595,0.0,0.0,0
2012,BIH,17226735995.6905,4693.78899115381,-0.821837252962993,0.022650290719994484,3670113.0,0.05114083635432542,-1.93437927837206,51200.0,6,0.05705048968336978,0.0,0.0,0
2012,BIZ,1917083500.0,5732.66519942347,3.94389321816617,0.0025206457346514904,334414.0,0.004659859696035349,2.15086754763262,22810.0,3,0.02852524484168489,0.0,0.0,0
2012,BLR,65685890438.8922,6953.21591683101,1.70785253368828,0.08636601356256977,9446836.0,0.13163602699485005,-0.156617600248906,202899.0,160,1.5213463915565275,18.0,1.8808777429467085,12
2012,BOL,27084497481.9103,2575.59857098084,5.12227560125973,0.035611606407835776,10515807.0,0.1465315005071151,1.59965176170266,1083300.0,5,0.047542074736141485,0.0,0.0,0
2012,BOT,13907464500.1489,6595.53845015424,-0.170857099335691,0.01828600114294309,2108617.0,0.029382320634527767,1.67774021157009,566730.0,4,0.03803365978891319,0.0,0.0,1
2012,BRA,2465227802806.76,12521.7213519966,1.92117598576537,3.241364263001129,196876111.0,2.743351219629207,0.811598483382088,8358140.0,248,2.3580869069126176,16.0,1.6718913270637408,17
2012,BRN,31963404255.3191,26438.6733230428,3.80302899043062,0.04202655679896645,1208964.0,0.016846192496599063,1.1600872869288,770.0,12,0.11410097936673956,0.0,0.0,1
2012,BRU,19048443340.7732,46968.5971164922,0.913135189664487,0.025045532684763366,405557.0,0.005651194982103046,1.53255515873327,5270.0,3,0.02852524484168489,0.0,0.0,0
2012,BUL,54299825600.0647,7432.33753378983,0.748814556346105,0.07139523332766824,7305888.0,0.10180319315264402,-0.579220596364389,108560.0,63,0.5990301416753827,5.0,0.522466039707419,2
2012,BUR,12561015156.5683,731.470138867833,6.45267237953146,0.01651564435106588,17172287.0,0.23928558038853567,3.0171707485343,273600.0,5,0.047542074736141485,0.0,0.0,0
2012,CAF,2510126512.22831,544.395849142785,5.05376125356918,0.0033003985932192896,4610848.0,0.06424941766715865,0.998867377606297,622980.0,6,0.05705048968336978,0.0,0.0,0
2012,CAM,17826536699.8016,1192.80263041673,7.65025657870362,0.02343892881867856,14945085.0,0.20825084848517839,1.49998418675996,176520.0,6,0.05705048968336978,0.0,0.0,0
2012,CAN,1828359477071.97,52670.1429540952,1.75566133205234,2.403988411193926,34713395.0,0.4837104615029723,1.08374652233653,8965590.0,273,2.595797280593325,19.0,1.9853709508881923,18
2012,CAY,4291004524.0181,75101.59136128,1.22975365701149,0.005641956780096679,57136.0,0.0007961560927254112,2.71432817487524,240.0,4,0.03803365978891319,0.0,0.0,0
2012,CGO,17692911296.3044,3732.32737320389,9.94715314257564,0.023263233652888286,4740450.0,0.06605534426211453,2.79640825415116,341500.0,7,0.06655890463059808,0.0,0.0,0
2012,CHA,17892228569.8861,1354.34344701937,9.06180392253447,0.023525302694479888,13210998.0,0.1840873800875669,3.51265481153462,1259200.0,2,0.019016829894456595,0.0,0.0,0
2012,CHI,267024782486.855,15241.9069981119,6.15534001855494,0.35109314697128896,17519119.0,0.24411847751035273,0.959562935237505,743532.0,35,0.3327945231529904,1.0,0.1044932079414838,0
2012,CHN,8673664713189.24,6405.0574241349,7.8578201481217,11.40442550525191,1354190000.0,18.86983021576282,0.678345458846803,9388211.0,375,3.5656556052106114,100.0,10.449320794148381,88
2012,CIV,36302302877.2977,1546.9460184731,7.62041176451649,0.047731486346675546,23467078.0,0.3269997397116084,2.08872019159152,318000.0,9,0.08557573452505467,0.0,0.0,0
2012,CMR,30155062329.2821,1449.09874362279,4.62597872209571,0.03964888813578269,20809529.0,0.2899683789571572,2.8130471843416,472710.0,32,0.3042692783113055,1.0,0.1044932079414838,0
2012,COD,30029369928.7318,409.931424783784,8.66859360586926,0.039483623548546294,73254618.0,1.0207594238478819,3.33860489598034,2267050.0,4,0.03803365978891319,0.0,0.0,0
2012,COL,370691143018.039,8108.59838244229,3.91263576716115,0.48739715746419265,45715810.0,0.6370225543506245,1.00290782655336,1109500.0,101,0.960349909670058,2.0,0.2089864158829676,8
2012,COM,1015842906.66403,1490.31425650871,3.1684098843342,0.0013356643514790354,681630.0,0.009498107628892853,2.01149862727803,1861.0,3,0.02852524484168489,0.0,0.0,0
2012,CPV,1913081210.41411,3736.81517011087,1.08364848376166,0.002515383389963054,511955.0,0.0071337876724173535,0.0992767342106355,4030.0,3,0.02852524484168489,0.0,0.0,0
2012,CRC,47231655492.7812,10126.9991155066,4.88259252932575,0.06210176602031553,4663934.0,0.06498913942469194,1.16676672488044,51060.0,11,0.10459256441951127,0.0,0.0,0
2012,CRO,57547495859.7306,13507.6349882758,-2.23702049605232,0.07566537919642219,4260368.0,0.05936568784045741,-0.474278461071106,55964.0,107,1.0174003993534277,5.0,0.522466039707419,6
2012,CUB,73141000000.0,6470.83673392653,3.01490028898772,0.09616824185182578,11303175.0,0.15750300411984652,0.0141917100302061,106649.0,109,1.0364172292478844,24.0,2.5078369905956115,14
2012,CYP,25047433099.5891,28991.9296875,-3.44738151374587,0.0329332057818284,1165397.0,0.016239112328372936,1.63540837414934,9240.0,13,0.12360939431396786,0.0,0.0,1
2012,CZE,210363223087.728,20014.0354015165,-0.770668190622743,0.27659262677062396,10510785.0,0.14646152193147685,0.139925655740972,77230.0,133,1.2646191879813635,6.0,0.6269592476489029,10
2012,DEN,326792574244.963,58443.7747103968,-0.0054323016167074,0.42967784574138085,5591572.0,0.07791522185159643,0.376272242619955,40000.0,114,1.0839593039840258,7.0,0.7314524555903866,9
2012,DMA,520355555.555556,7528.51001990155,-0.15739179314221,0.000684180950706278,69118.0,0.0009631181184716287,0.094086320276983,750.0,2,0.019016829894456595,0.0,0.0,0
2012,DOM,60561635555.6383,6013.81965002603,2.77567100848816,0.07962847124125669,10070411.0,0.1403251728139702,1.24691664021516,48310.0,33,0.31377769325853383,2.0,0.2089864158829676,2
2012,ECU,87735048000.0,5634.08393191094,5.783212336172,0.11535698602624443,15572194.0,0.21698923848715507,1.59213440589397,248360.0,36,0.34230293810021867,1.0,0.1044932079414838,0
2012,EGY,279116666666.667,2996.0677072015,2.22619979818487,0.3669919621672587,93161001.0,1.2981430017948077,2.24475795490011,995450.0,109,1.0364172292478844,1.0,0.1044932079414838,2
2012,ESA,21386150000.0,3497.91256915509,2.82262371802327,0.02811922786780908,6113975.0,0.08519459617440574,0.390819912101065,20720.0,10,0.09508414947228297,0.0,0.0,0
2012,ESP,1330994811670.31,28456.4438151477,-2.86511368637748,1.7500366545745298,46773055.0,0.6517546330445037,0.0649259625617232,500210.0,278,2.6433393553294664,18.0,1.8808777429467085,17
2012,EST,23237406116.3988,17568.2137969714,3.67201872506541,0.030553321548938837,1322696.0,0.018430980104024268,-0.357944411443807,42390.0,32,0.3042692783113055,2.0,0.2089864158829676,2
2012,ETH,43310721414.0829,452.101031885754,8.64781163513926,0.05694639028351505,95798767.0,1.3348986982398499,2.80390393439601,1128582.1,33,0.31377769325853383,7.0,0.7314524555903866,7
2012,FIJ,3972028104.47328,4341.40338748749,1.41131415220703,0.0052225558769122046,914918.0,0.012748836811189929,0.211061144367838,18270.0,9,0.08557573452505467,0.0,0.0,0
2012,FIN,257443384492.969,47551.6740841369,-1.52284013040689,0.338495203279589,5413971.0,0.07544045781098935,0.475809486683209,303890.0,56,0.5324712370447846,4.0,0.4179728317659352,3
2012,FRA,2683007095787.23,40863.5814412333,0.183835264973013,3.5277077873946356,65657659.0,0.9149003298609883,0.483714919435185,538950.0,324,3.0807264429019683,41.0,4.284221525600836,35
2012,FSM,324000000.0,3003.05867086848,-1.61943319838058,0.00042600607538851746,107890.0,0.0015033828207110162,0.178117567546797,700.0,6,0.05705048968336978,0.0,0.0,0
2012,GAB,17170464016.0593,9296.96587941088,5.25107691750407,0.022576302432349333,1846889.0,0.02573529700954813,3.57746904510728,257670.0,21,0.19967671389179423,0.0,0.0,1
2012,GAM,1415004738.26621,692.579361628102,5.24156924630741,0.0018604957259411865,2043094.0,0.028469296697541505,2.94591935774346,10120.0,2,0.019016829894456595,0.0,0.0,0
2012,GBR,2719715961539.83,42688.3263728372,1.52826034721852,3.5759738362564537,63711000.0,0.8877747973891885,0.712282568284022,241930.0,530,5.039459922030997,48.0,5.015673981191223,65
2012,GBS,1049412177.11413,635.461653303881,-1.71286958446419,0.0013798023550534266,1651417.0,0.02301151123950435,2.65952739224803,28120.0,4,0.03803365978891319,0.0,0.0,0
2012,GEO,16894392033.2256,4530.69533409431,6.57883101954195,0.022213313722683557,3728874.0,0.05195963585314644,-0.736565518814038,69490.0,34,0.3232861082057621,6.0,0.6269592476489029,7
2012,GEQ,22388344143.9131,17308.5723924575,8.31287184445641,0.029436946367888635,1293483.0,0.018023914367242072,4.07484554769573,28050.0,2,0.019016829894456595,0.0,0.0,0
2012,GER,3596483233406.25,44718.0159214069,0.463512036709204,4.7287768748888945,80425823.0,1.1206858897001104,0.187727800567293,348540.0,383,3.641722924788438,41.0,4.284221525600836,44
2012,GHA,41271701060.954,1543.77524235764,9.2927894063005,0.054265417881435574,26734268.0,0.3725260843033113,2.4199090803465,227540.0,7,0.06655890463059808,0.0,0.0,0
2012,GRE,238841140018.233,21624.346052551,-8.33113421099992,0.3140363478410087,11045011.0,0.15390564270983595,-0.540752950543684,128900.0,102,0.9698583246172863,4.0,0.4179728317659352,2
2012,GRN,799881481.481481,7092.71985352677,-1.15483816409801,0.0010517110206848112,112775.0,0.0015714523830353587,0.619070350394075,340.0,8,0.07606731957782638,0.0,0.0,1
2012,GUA,49593929487.1263,3286.61959336267,2.97470856847661,0.0652077631602023,15089647.0,0.21026523376025139,1.99138673642109,107160.0,19,0.18065988399733765,0.0,0.0,1
2012,GUI,7638044556.84656,699.353377212197,5.91528626133322,0.010042757362051947,10921581.0,0.15218571925483215,2.45416156342286,245720.0,4,0.03803365978891319,0.0,0.0,0
2012,GUM,5265000000.0,31653.7506538168,2.13385063045585,0.006922598725063408,166331.0,0.002317723310331671,-0.127375540693071,540.0,8,0.07606731957782638,0.0,0.0,0
2012,GUY,4063088535.76331,5444.39751913913,5.27633062046809,0.005342285188508042,746288.0,0.010399078306634377,0.0180911674723709,196850.0,6,0.05705048968336978,0.0,0.0,0
2012,HAI,13708925477.1304,1361.39396587374,0.502424403581585,0.018024955371314755,10069771.0,0.14031625479556947,1.54988860322553,27560.0,5,0.047542074736141485,0.0,0.0,0
2012,HKG,262628865879.697,36730.796195815,1.70032214482865,0.34531324826279947,7150100.0,0.09963238026106068,1.1039579972368,1050.0,41,0.3898450128363602,0.0,0.0,1
2012,HON,18528554397.5695,2126.03474686503,4.12868774866939,0.024361965251639625,8715076.0,0.12143938770591231,2.02251270813154,111890.0,25,0.23771037368070744,0.0,0.0,0
2012,HUN,128470269689.958,12950.1594488143,-1.33948446518181,0.1689170228232204,9920362.0,0.13823432946551467,-0.516437606548041,90530.0,152,1.4452790719787012,10.0,1.044932079414838,18
2012,INA,917869913332.649,3632.27254030331,6.03005065305615,1.2068461712840755,252698525.0,3.5212032746687667,1.28583816632167,1877519.0,22,0.20918512883902254,5.0,0.522466039707419,2
2012,IND,1827637590410.41,1429.32199520032,5.45638755164772,2.403039250380449,1278674502.0,17.817566777162053,1.37405616603306,2973190.0,81,0.7701816107254921,3.0,0.31347962382445144,6
2012,IRI,644019315003.54,8114.08099831877,-3.74717139864109,0.8467782125279611,79370580.0,1.1059817076825411,1.25130743376216,1628760.0,52,0.49443757725587145,2.0,0.2089864158829676,12
2012,IRL,226921827888.137,49335.8408099555,-0.40502941658977,0.29836443616856134,4599533.0,0.06409174988871445,0.4237438032978,68890.0,64,0.608538556622611,3.0,0.31347962382445144,5
2012,IRQ,218002476129.472,6477.59618450955,13.9364301737537,0.28663697308918307,33654842.0,0.4689601566089867,4.53892168180122,434320.0,8,0.07606731957782638,0.0,0.0,0
2012,ISL,14943757823.3226,46594.9869146614,1.16931174934061,0.019648554388488008,320716.0,0.004468986233452167,0.532100734916982,100250.0,27,0.25672720357516404,1.0,0.1044932079414838,0
2012,ISR,263172104090.976,33268.7066672115,2.40993765217618,0.3460275160973305,7910500.0,0.11022810087343121,1.84615132126711,21640.0,37,0.351811353047447,1.0,0.1044932079414838,0
2012,ISV,4089000000.0,37795.3192590675,-14.8125,0.005376354451431011,108188.0,0.0015075352730288573,-0.0942359108531572,350.0,7,0.06655890463059808,0.0,0.0,0
2012,ITA,2097929495121.68,34854.3949441965,-3.12523877282996,2.758428119316669,60191247.0,0.8387291379828853,0.273513088134657,295718.0,281,2.6718646001711517,27.0,2.8213166144200628,28
2012,JAM,14807086555.5283,5340.83333232158,-0.613636042132399,0.019468854418082382,2772430.0,0.03863215899178647,0.431454273219438,10830.0,45,0.42787867262527335,9.0,0.9404388714733543,12
2012,JOR,34854017887.3239,4593.83609729005,2.40465716535539,0.04582723262870383,7587127.0,0.10572209092921225,1.41635205030682,88780.0,9,0.08557573452505467,0.0,0.0,0
2012,JPN,6333803928787.76,49626.6830327571,1.64893452981225,8.327898006121131,127629000.0,1.778434016354864,-0.159710675844347,364500.0,291,2.7669487496434346,25.0,2.6123301985370952,38
2012,KAZ,207998568865.789,12018.7966527993,4.79999999528297,0.27348350002760197,17306106.0,0.24115026836411013,1.39710899026626,2699700.0,113,1.0744508890367976,13.0,1.3584117032392895,13
2012,KEN,56396704671.5777,1285.00536171512,4.56867961444982,0.07415228031476569,43888303.0,0.6115573339545811,2.6080744180495,569140.0,47,0.44689550251973,15.0,1.567398119122257,11
2012,KGZ,6605142884.36215,1168.62244675446,-0.0881501998439376,0.008684663572677505,5652076.0,0.07875830901615569,1.88401276584283,191800.0,14,0.13311780926119615,2.0,0.2089864158829676,0
2012,KIR,207001545.867109,1843.55336349889,5.80365974645258,0.00027217258072284963,112284.0,0.0015646105907935466,1.46864224692138,810.0,3,0.02852524484168489,0.0,0.0,0
2012,KOR,1335343586437.67,26600.5477433903,2.54766550568242,1.7557545696096892,50199853.0,0.6995050199501193,0.525713660600414,97310.0,250,2.3771037368070744,31.0,3.239289446185998,28
2012,KSA,751921333333.333,28733.4375513452,5.76157382270968,0.9886514080686247,26168861.0,0.3646474748815878,4.20264227505544,2149690.0,18,0.17115146905010933,0.0,0.0,1
2012,KUW,174047662680.041,52155.2225833921,6.62587485078971,0.22884370897799008,3337109.0,0.046500624167579184,6.31732211154715,17820.0,10,0.09508414947228297,0.0,0.0,1
2012,LAO,10192846339.4029,1563.5650771337,8.02609843461283,0.013401896500269277,6518978.0,0.09083807149683065,1.42735442034268,230800.0,3,0.02852524484168489,0.0,0.0,0
2012,LAT,27116149948.6683,13329.3499931271,7.30524057200897,0.035653224133576335,2034319.0,0.028347022304625207,-1.24035915329271,62227.0,45,0.42787867262527335,3.0,0.31347962382445144,2
2012,LBA,92540938129.1315,14975.8902795144,86.8267484395784,0.12167593168260162,6179328.0,0.08610525126275431,-2.61743182302169,1759540.0,4,0.03803365978891319,0.0,0.0,0
2012,LBR,2791614000.0,638.368751462083,7.99381444555367,0.0036705077905544465,4373043.0,0.06093574678311766,3.53448694358844,96320.0,3,0.02852524484168489,0.0,0.0,0
2012,LCA,1598207407.40741,9260.30006551714,-0.108756148262358,0.002101376744711383,172587.0,0.0024048969401988334,0.456462690189925,610.0,4,0.03803365978891319,0.0,0.0,0
2012,LES,2477702216.26888,1217.93071228944,6.33408374679448,0.0032577660405374606,2034354.0,0.0283475100087565,1.00510607755205,30360.0,4,0.03803365978891319,0.0,0.0,0
2012,LIB,44016799515.7546,8406.98405608118,2.56479133680038,0.057874765471820404,5235742.0,0.07295694296482656,2.70487296695382,10230.0,10,0.09508414947228297,0.0,0.0,0
2012,LTU,42709372066.8627,14288.1853493139,4.38290584355157,0.056155715976889356,2989139.0,0.04165186969429332,-1.2954927649989,62674.0,62,0.5895217267281544,5.0,0.522466039707419,5
2012,LUX,59776383527.3602,112584.676270958,1.64971134354685,0.0785959955166961,530946.0,0.007398415934055345,2.40154189982875,2574.46,9,0.08557573452505467,0.0,0.0,0
2012,MAD,11578975061.9479,493.511162904211,3.01114811621208,0.01522442507148747,23462438.0,0.3269350840782031,2.76626312576328,581795.0,7,0.06655890463059808,0.0,0.0,0
2012,MAR,106937392311.129,3164.17724609375,3.06234368502997,0.14060487287267373,33355241.0,0.46478539531074,1.3359712863904,446300.0,63,0.5990301416753827,2.0,0.2089864158829676,1
2012,MAS,314443047642.111,10600.5744240026,5.47345419253853,0.4134402736395689,29662831.0,0.4133338635559753,1.70269513202166,328550.0,29,0.2757440334696206,1.0,0.1044932079414838,2
2012,MAW,8773203178.16512,558.46208832772,1.90000000072909,0.0115353020201117,15709577.0,0.2189035886776986,2.87064589887138,94280.0,3,0.02852524484168489,0.0,0.0,0
2012,MDA,8709138634.82921,3044.8084324815,-0.589733954762579,0.011451067808142291,2860324.0,0.039856909475089596,-0.0131095435392298,32860.0,20,0.19016829894456594,1.0,0.1044932079414838,2
2012,MDV,2886163997.20531,7461.29703686309,2.38928797963442,0.003794825300546513,386818.0,0.005390078190210343,3.45705386277423,300.0,5,0.047542074736141485,0.0,0.0,0
2012,MEX,1255110424741.85,10744.1335236186,3.55321076010608,1.650261315504601,116818208.0,1.6277920757572175,1.35716327923769,1943950.0,99,0.9413330797756014,3.0,0.31347962382445144,7
2012,MGL,12292770631.565,4328.89001905655,12.3198198494032,0.016162947445692074,2839705.0,0.03956959600414474,1.89795214519602,1557251.947,29,0.2757440334696206,4.0,0.4179728317659352,5
2012,MHL,180700000.0,3514.26515490383,-1.29068462401796,0.00023759042537871945,51419.0,0.0007164931064801162,-0.944590187330327,180.0,4,0.03803365978891319,0.0,0.0,0
2012,MKD,9745261300.57788,5049.8265386157,-0.456183223607937,0.012813396667576488,1929821.0,0.026890904981438073,-0.391858319665176,25220.0,4,0.03803365978891319,0.0,0.0,0
2012,MLI,14795114602.6122,872.506092463946,-1.07239924147837,0.019453113292537554,16957033.0,0.23628614424348673,2.91998728475051,1220190.0,6,0.05705048968336978,0.0,0.0,0
2012,MLT,9609530618.89688,22878.3095862582,4.10167460261891,0.012634933411364353,420028.0,0.005852839738785863,0.899209211902256,320.0,5,0.047542074736141485,0.0,0.0,0
2012,MNE,4071828832.31109,6552.47970337373,-2.48732882965353,0.005353777223785979,621418.0,0.00865908931022892,0.172818849821581,13450.0,33,0.31377769325853383,0.0,0.0,1
2012,MON,5742748405.54688,165444.625782803,1.01221841230461,0.007550758364786088,34711.0,0.00048367708860598833,2.22856128605207,2.027,6,0.05705048968336978,0.0,0.0,0
2012,MOZ,16688114144.0745,685.685748199513,7.9945031610722,0.02194209263010119,24337846.0,0.3391333725971853,2.87101074780924,786380.0,6,0.05705048968336978,0.0,0.0,0
2012,MRI,11832323837.1071,9421.52514098225,3.51062090167264,0.015557536544975305,1255882.0,0.017499966851795275,0.277321025514609,1997.0,11,0.10459256441951127,1.0,0.1044932079414838,0
2012,MTN,6728208836.22143,1859.11733247641,4.47001318233693,0.008846474817015542,3619034.0,0.05042908094512069,3.26413503920642,1030700.0,2,0.019016829894456595,0.0,0.0,0
2012,MYA,59937796648.2158,1202.6658960055,7.33267044704149,0.07880822690599212,49837446.0,0.6944550944898781,0.841507088171189,653150.0,6,0.05705048968336978,0.0,0.0,0
2012,NAM,13042053591.6857,5942.64680978673,5.0616820696264,0.017148129832101056,2194654.0,0.030581194930065014,2.22673258326321,823290.0,9,0.08557573452505467,0.0,0.0,0
2012,NCA,10532017231.8253,1784.69836017555,6.4961364710876,0.013847849774241153,5901287.0,0.08223091570938225,1.40332726881517,120340.0,6,0.05705048968336978,0.0,0.0,0
2012,NED,845689017065.625,50473.9442002689,-0.977826121310997,1.1119403060472217,16754962.0,0.23347040534308916,0.370055034770235,33720.0,173,1.6449557858704953,16.0,1.6718913270637408,20
2012,NEP,21703100877.1309,788.202937148377,4.67014192446953,0.02853596551983835,27534915.0,0.38368262286345417,0.256079255262795,143350.0,5,0.047542074736141485,0.0,0.0,0
2012,NGR,463971018239.281,2633.19734671361,4.23006117492493,0.6100446684386739,176200625.0,2.4552506499540643,2.77422930277333,910770.0,49,0.46591233241418656,4.0,0.4179728317659352,0
2012,NIG,9426912647.59111,528.510104469655,10.5489445763446,0.012394821172934159,17836769.0,0.2485447408619039,3.77324639644684,1266700.0,6,0.05705048968336978,0.0,0.0,0
2012,NOR,525082939406.962,104627.93694681,2.82395673492459,0.6903966736735387,5018573.0,0.06993082243659418,1.31344098868985,365244.0,61,0.5800133117809261,9.0,0.9404388714733543,4
2012,NRU,101055722.95058,9842.77032731856,24.3589743589745,0.00013287145657322815,10267.0,0.000143064523313004,1.65974838801037,20.0,2,0.019016829894456595,0.0,0.0,0
2012,NZL,176508049114.249,40041.7524816244,2.30256429520961,0.23207870764705213,4408100.0,0.06142424517542154,0.548220797298334,263310.0,178,1.692497860606637,9.0,0.9404388714733543,13
2012,OMA,87408842652.7958,24642.2978768596,8.86312225557018,0.11492808028632713,3547106.0,0.04942680715210835,14.2253989455262,309500.0,3,0.02852524484168489,0.0,0.0,0
2012,PAK,250106966104.704,1204.36475491585,3.02758391088629,0.3288490341283763,207667125.0,2.8937175655894634,1.90619981284679,770880.0,21,0.19967671389179423,0.0,0.0,0
2012,PAN,41595439700.0,11064.8063606203,9.62729346439019,0.054691080310668924,3759256.0,0.05238299090791373,1.76451937667994,74340.0,8,0.07606731957782638,1.0,0.1044932079414838,0
2012,PAR,33271921136.315,5642.1699167298,-0.708043112316886,0.04374703871579572,5897008.0,0.0821712903957311,1.40686361602641,397300.0,8,0.07606731957782638,0.0,0.0,0
2012,PER,192650021648.583,6519.37852981527,6.13972470560435,0.2533027149568697,29550366.0,0.4117667308381028,0.83691693370644,1280000.0,16,0.15213463915565276,0.0,0.0,0
2012,PHI,261920540962.63,2614.61644401308,6.89695171050985,0.34438191888619574,100175512.0,1.3958860301856544,1.94226237851608,298170.0,11,0.10459256441951127,0.0,0.0,0
2012,PLE,12208400000.0,3067.43872735614,6.09645656326154,0.016052014107324618,3979998.0,0.05545889906074894,2.46768715003228,6020.0,5,0.047542074736141485,0.0,0.0,0
2012,PLW,214928296.875,12098.4124331551,2.06132919740671,0.0002825949390174596,17765.0,0.000247544682639088,-1.74654999032287,460.0,5,0.047542074736141485,0.0,0.0,0
2012,PNG,21295168665.7247,2635.0873631547,4.65711959686239,0.027999602555623185,8081390.0,0.11260935113046434,2.7860490568137,452860.0,8,0.07606731957782638,0.0,0.0,0
2012,POL,498148649702.66,13087.420943321,1.51178167644575,0.6549825654935788,38063164.0,0.530387495222041,-0.0002390760032983,306220.0,210,1.9967671389179424,10.0,1.044932079414838,10
2012,POR,216536676771.973,20593.4274224109,-4.05090267621935,0.28470969089290177,10514844.0,0.14651808167630276,-0.405421787747567,91590.0,76,0.7226395359893506,2.0,0.2089864158829676,1
2012,PUR,101564800000.0,27742.024476618,0.0292751500944064,0.13354080816549288,3661045.0,0.05101447918111004,-0.881614530044632,8870.0,25,0.23771037368070744,0.0,0.0,2
2012,QAT,186833502362.637,108470.378825036,4.62623675511804,0.2456549601623404,1722438.0,0.024001146528314407,5.83800010216327,11610.0,12,0.11410097936673956,0.0,0.0,2
2012,ROU,179117323107.087,8929.95366231474,1.90361696799603,0.23550946867576278,20058035.0,0.27949675814459435,-0.445177936198383,230020.0,105,0.9983835694589712,8.0,0.8359456635318704,9
2012,RSA,434400545085.811,8076.97678479741,2.39623238465745,0.5711644177735773,53782567.0,0.7494280033509984,1.47479434391075,1213090.0,124,1.1790434534563088,1.0,0.1044932079414838,6
2012,RUS,2208293553878.42,15401.8515625,4.0240861571798,2.9035384882515656,143378447.0,1.9978931697101208,0.251575708072649,16376870.0,429,4.07911001236094,72.0,7.523510971786834,82
2012,RWA,7556673275.95438,697.760143509565,8.64150815708138,0.00993576767062536,10829901.0,0.1509082131189272,2.39380128171382,24670.0,7,0.06655890463059808,0.0,0.0,0
2012,SAM,773141661.165548,3934.60320799981,-3.73213020890266,0.0010165526073842408,196498.0,0.0027380824682924575,0.912557360248924,2830.0,8,0.07606731957782638,0.0,0.0,0
2012,SEN,17660870411.5235,1326.83798848379,4.00299555090457,0.023221105222093568,13310495.0,0.18547381145759456,2.67702425205872,192530.0,31,0.2947608633640772,0.0,0.0,0
2012,SEY,1089407839.19709,12337.1554669388,3.1106784939243,0.0014323899940550536,88303.0,0.0012304496544373422,0.980980190128322,460.0,6,0.05705048968336978,0.0,0.0,0
2012,SGP,295092888076.589,55547.5553077786,4.43549759378537,0.3879980343350948,5312437.0,0.0740256420605206,2.45339033031018,706.0,23,0.21869354378625083,1.0,0.1044932079414838,2
2012,SKN,824585185.185185,17532.0559008608,-0.737636737448398,0.001084192279519304,47033.0,0.0006553768116275949,0.313035956599999,260.0,4,0.03803365978891319,0.0,0.0,0
2012,SLE,6141666509.36295,937.504428180231,10.578331663387,0.008075269277774091,6551080.0,0.0912853937260499,2.53259491687101,72180.0,2,0.019016829894456595,0.0,0.0,0
2012,SLO,46167053954.3367,22442.1417859955,-2.91553782040462,0.06070199218313862,2057159.0,0.028665284086301354,0.210024305900448,20145.7,65,0.6180469715698393,5.0,0.522466039707419,4
2012,SMR,1604701051.17188,47945.8917557105,-7.04453441295546,0.0021099148054986453,33469.0,0.00046637055914706645,2.56940400817854,60.0,4,0.03803365978891319,0.0,0.0,0
2012,SOL,1185217634.37393,2066.25738638356,2.46591837712438,0.0015583639287064838,573606.0,0.007992857598079184,3.668421041016,27990.0,4,0.03803365978891319,0.0,0.0,0
2012,SOM,4364670159.99578,350.261946720512,6.69435192556698,0.005738814830941897,12461160.0,0.17363883464761595,0.905528519522503,627340.0,2,0.019016829894456595,0.0,0.0,0
2012,SRB,45103269969.4112,6263.04086072815,-0.443956070983248,0.0593032932927705,7201497.0,0.10034856681065826,-0.485136859373739,87460.0,116,1.1029761338784825,3.0,0.31347962382445144,4
2012,SRI,70447216891.3366,3327.77612404326,8.6321813769906,0.09262636540099375,21169458.0,0.294983774964903,0.760628047767682,62710.0,7,0.06655890463059808,0.0,0.0,0
2012,STP,229371348.441006,1210.7926479817,2.94294277416023,0.00030158514801211455,189439.0,0.002639719512213126,2.02092788368455,960.0,2,0.019016829894456595,0.0,0.0,0
2012,SUD,37632919966.6667,1019.22210693359,-17.0046884048945,0.049481026359289686,36923178.0,0.5145024700273884,2.14168968629865,1868000.0,6,0.05705048968336978,1.0,0.1044932079414838,0
2012,SUI,697882536676.898,87269.5594780124,1.12413575027705,0.9175993843577419,7996861.0,0.11143148991578383,1.06181932886789,39512.028,98,0.9318246648283731,7.0,0.7314524555903866,4
2012,SUR,4980000000.0,8851.24050668908,2.69034974668847,0.006547871158749435,562633.0,0.007839955385717872,1.1375560373964,160507.61,5,0.047542074736141485,0.0,0.0,0
2012,SVK,94724394278.052,17516.9691054078,1.56917104702706,0.1245468131171218,5407579.0,0.07535138910221204,0.170183855326072,48088.0,47,0.44689550251973,6.0,0.6269592476489029,4
2012,SWE,549739674655.127,57749.5615420853,-0.414397702454409,0.7228161768061454,9519374.0,0.1326468007741506,0.739763272434863,407339.7,133,1.2646191879813635,5.0,0.522466039707419,8
2012,SWZ,4747813067.26006,4224.54789174487,4.09048190124592,0.006242583985993141,1123863.0,0.015660360802972888,0.537986822820009,17200.0,3,0.02852524484168489,0.0,0.0,0
2012,SYR,43190318032.5627,1897.66115018696,-26.338904668983,0.05678807987603071,22759763.0,0.3171437269223674,-0.518583748688814,183630.0,10,0.09508414947228297,0.0,0.0,0
2012,TAN,39650394362.9287,861.969909667969,4.50015356010131,0.052133669414068676,47374260.0,0.6601320662517106,2.8799437394168,885800.0,6,0.05705048968336978,0.0,0.0,0
2012,TGA,471122971.305043,4384.17058724217,0.919761024923076,0.000619448296392094,107460.0,0.001497391027098024,-0.102311314323862,720.0,3,0.02852524484168489,0.0,0.0,0
2012,THA,397558325278.579,5725.52802835463,7.24279620249642,0.522723030524565,69436098.0,0.9675506244360603,0.619591346751357,510890.0,37,0.351811353047447,4.0,0.4179728317659352,3
2012,TJK,7633036903.07634,952.452819695469,7.49999946321525,0.010036173130787886,8014084.0,0.1116714821515898,2.39042338057157,139960.0,16,0.15213463915565276,2.0,0.2089864158829676,1
2012,TKM,35164210526.3158,6053.8748468749,11.0508311776258,0.04623508432238083,5808546.0,0.08093862517109732,2.17776450077759,469930.0,10,0.09508414947228297,0.0,0.0,0
2012,TLS,1160555000.0,1022.61903188429,4.86062186827468,0.0015259366692053113,1134885.0,0.015813945801118005,2.19848397897983,14870.0,2,0.019016829894456595,0.0,0.0,0
2012,TOG,5413541649.14901,813.611525037432,6.30271426865185,0.0071179062713155935,6653718.0,0.09271559305825991,2.32840848204104,54390.0,6,0.05705048968336978,1.0,0.1044932079414838,0
2012,TTO,27147349937.4689,20332.1389531925,6.71074625448722,0.03569424692611061,1335194.0,0.018605132282106075,0.538824146577348,5130.0,25,0.23771037368070744,2.0,0.2089864158829676,4
2012,TUN,47311401812.6733,4297.26782454273,4.21667711535632,0.06220661915847575,11009647.0,0.15341286645558047,1.12911133130148,155360.0,83,0.7891984406199487,1.0,0.1044932079414838,3
2012,TUR,885327622479.052,11776.7593362033,4.80762696633448,1.1640584749547775,75175827.0,1.047530325744215,1.27471801981307,769630.0,112,1.0649424740895692,7.0,0.7314524555903866,5
2012,TUV,38912985.1801769,3558.89749224226,-2.8527626821171,5.1164099068699696e-05,10934.0,0.0001523587706150176,1.41846349919564,30.0,3,0.02852524484168489,0.0,0.0,0
2012,UAE,392793559050.783,53141.6251661086,4.68325642918792,0.5164581559540492,7391448.0,0.10299542073759198,3.95899214220379,71020.0,26,0.24721878862793573,0.0,0.0,0
2012,UGA,27305915910.7877,795.222867553127,3.83745560605229,0.03590273479025785,34337438.0,0.47847172487190315,2.90422608403173,200520.0,15,0.14262622420842447,0.0,0.0,1
2012,UKR,182591753827.949,3951.34228515625,0.152314967200653,0.24007776681034218,46210056.0,0.6439095776670128,-0.211412120058561,579320.0,230,2.186935437862508,27.0,2.8213166144200628,20
2012,URU,54232266358.7811,16259.5940814256,3.53817872056869,0.07130640416953413,3335401.0,0.04647682420597223,0.257451630638359,175020.0,27,0.25672720357516404,0.0,0.0,0
2012,USA,16253970000000.0,51708.3940614082,2.28911339009767,21.371265336983644,314339099.0,4.380127920237087,0.79838290137163,9147420.0,530,5.039459922030997,110.0,11.494252873563218,103
2012,UZB,75318846931.3239,2573.95586785056,7.35682138899483,0.09903174809877091,29261903.0,0.4077471709288363,1.51059514364954,435800.0,53,0.5039459922030998,6.0,0.6269592476489029,3
2012,VAN,747839697.746593,3004.78416664293,1.01004768692017,0.000983284736594942,248883.0,0.00346803620879618,2.19727458776971,12190.0,5,0.047542074736141485,0.0,0.0,0
2012,VEN,371846610182.327,12582.0125686037,5.67986230636832,0.48891640447622553,29553826.0,0.4118149438750817,1.25510683013417,882050.0,68,0.6465722164115242,1.0,0.1044932079414838,1
2012,VIE,195590661129.249,2185.11767654291,5.5045447041189,0.2571691664515951,89510356.0,1.2472734404127095,1.1709874078049,313457.0,18,0.17115146905010933,1.0,0.1044932079414838,0
2012,VIN,730032592.592593,6713.80768643865,1.16911218376478,0.0009598713570249228,108736.0,0.0015151713262844847,-0.562167608407819,390.0,3,0.02852524484168489,0.0,0.0,0
2012,YEM,35401331609.5916,1245.05068272078,2.39299021364694,0.04654685908188143,28433647.0,0.3962059174155281,3.03772906888376,527970.0,4,0.03803365978891319,0.0,0.0,0
2012,ZAM,25503060420.026,1710.05061343728,7.59738104901994,0.033532279876331825,14913629.0,0.2078125278807824,3.24260026203654,743390.0,7,0.06655890463059808,0.0,0.0,0
2012,ZIM,17123500000.0,1239.22709745709,16.6654290410337,0.022514552567639748,13817887.0,0.19254401644569544,1.62306467591426,386850.0,7,0.06655890463059808,4.0,0.4179728317659352,0
2016,AFG,18116572395.0772,522.082215583898,2.26031420279821,0.02350208250374403,34700612.0,0.46094036467786065,2.53571991833963,652230.0,3,0.026836031845424456,1.0,0.10395010395010396,0
2016,ALB,11988668784.6628,4457.63412207495,3.90893551362245,0.015552538126018131,2689469.0,0.03572515728684558,-1.54313470861992,27400.0,6,0.05367206369084891,0.0,0.0,0
2016,ALG,180763839522.151,4424.98529027556,3.90000000017621,0.23449947249941896,40850721.0,0.5426344133381147,2.05569111181654,2381741.0,64,0.5725020127023884,1.0,0.10395010395010396,2
2016,AND,2896610479.86771,40129.8192026671,3.70967806978986,0.003757685338842508,72181.0,0.0009588054661056888,0.0096983131938399,470.0,4,0.03578137579389928,0.0,0.0,0
2016,ANG,60770049747.3832,2082.37343594705,-0.233076954805284,0.07883515114082609,29183070.0,0.3876489246996432,3.57644143982026,1246700.0,26,0.2325789426603453,0.0,0.0,0
2016,ANT,1489603703.7037,16556.8551801588,4.1203675438061,0.001932417919840065,89969.0,0.001195089690916761,0.624381829779871,440.0,8,0.07156275158779855,0.0,0.0,0
2016,ARG,557532320662.955,12699.9623137756,-2.08032784377811,0.7232698500012701,43900313.0,0.583143210376008,0.968911125580978,2736690.0,215,1.923248948922086,4.0,0.4158004158004158,4
2016,ARM,10546136235.5219,3524.42476874707,0.199999999825991,0.013681184194108919,2992300.0,0.039747767365761806,-0.410212518071397,28470.0,31,0.27730566240271937,3.0,0.31185031185031187,4
2016,ARU,2983637430.1676,27441.5502144601,1.23433537363427,0.0038705827744828737,108727.0,0.0014442587649557811,0.75796755862231,180.0,7,0.06261740763932373,0.0,0.0,0
2016,ASA,671000000.0,12843.3342903627,-1.67938931297709,0.0008704680452852871,52245.0,0.0006939886060970576,-1.20431808595042,200.0,4,0.03578137579389928,0.0,0.0,0
2016,AUS,1211588128417.61,50084.4440606385,2.75564065529868,1.5717567061617534,24190907.0,0.3213362777137248,1.56194049810399,7692020.0,420,3.757044458359424,35.0,3.638253638253638,29
2016,AUT,393687359770.273,45061.4993920192,2.11721964494312,0.5107187280368929,8736668.0,0.1160522164274623,1.08139629872802,82520.0,71,0.6351194203417121,0.0,0.0,1
2016,AZE,37866996882.9157,3880.6852276838,-3.06359842251706,0.0491237120081903,9757812.0,0.1296164292934662,1.11785721013911,82670.0,56,0.5009392611145899,10.0,1.0395010395010396,18
2016,BAH,11880900000.0,30616.5363157284,-1.15650811269629,0.015412732934768953,388055.0,0.005154670275413794,0.700545015838571,10010.0,29,0.2594149745057697,1.0,0.10395010395010396,2
2016,BAN,265224515675.034,1649.28380858601,7.11347821270093,0.34406775815407425,160811932.0,2.1361211318299325,0.892432416039535,130170.0,7,0.06261740763932373,0.0,0.0,0
2016,BAR,5679029450.0,20311.4094163764,1.41632446821541,0.007367233479074633,279598.0,0.0037139980148822877,0.217691837314076,430.0,11,0.098398783433223,0.0,0.0,0
2016,BDI,2618093125.14687,232.937812100153,3.20017470408993,0.003396373181850141,11239451.0,0.14929755828856694,1.72186004024144,25680.0,9,0.08050809553627337,0.0,0.0,1
2016,BEL,474271566739.729,41854.5498296444,1.19350273007754,0.6152581872344597,11331422.0,0.15051924124562222,0.506300002451376,30333.0,104,0.9303157706413812,3.0,0.31185031185031187,6
2016,BEN,11821065853.3838,1010.5338961993,3.33967342629693,0.015335111902509168,11697842.0,0.15538652624985388,2.92460216679542,112760.0,6,0.05367206369084891,0.0,0.0,0
2016,BER,6899911000.0,108747.356144305,-0.657206304259205,0.008951046260525262,63449.0,0.0008428152563547173,-0.0236382404794606,54.0,8,0.07156275158779855,0.0,0.0,0
2016,BHU,2357504760.78592,3152.30905106786,8.47594339232963,0.003058319762849595,747866.0,0.009934165621349068,0.973884473914115,38144.0,2,0.01789068789694964,0.0,0.0,0
2016,BIH,17116926553.8513,4928.5665903114,3.24225822231566,0.02220527212909503,3473003.0,0.04613311342599099,-1.30267774814121,51200.0,11,0.098398783433223,0.0,0.0,0
2016,BIZ,2239604950.0,6140.86713919469,-0.0187414958130319,0.0029053718972246695,364705.0,0.004844504059462674,2.32231207163985,22810.0,3,0.026836031845424456,0.0,0.0,0
2016,BLR,47723545321.259,5039.77560949445,-2.5264464460425,0.061910314768822854,9469379.0,0.12578507288381183,0.0877210878706449,202988.0,120,1.0734412738169783,12.0,1.2474012474012475,9
2016,BOL,33941126193.9219,3035.87347732132,4.26392086992173,0.04403079846915716,11180020.0,0.14850811553138532,1.48970583998181,1083300.0,12,0.10734412738169782,0.0,0.0,0
2016,BOT,15082637184.0496,6749.05994339013,7.20442475914267,0.019566249936433446,2234776.0,0.029685311152821477,1.41970172619868,566730.0,12,0.10734412738169782,1.0,0.10395010395010396,0
2016,BRA,1795693482853.01,8836.28652735657,-3.27591690782192,2.329498950746034,203218114.0,2.699417277606143,0.761972670496742,8358140.0,462,4.132748904195366,17.0,1.7671517671517671,19
2016,BRN,33884680851.0638,23800.001440631,3.81499327422425,0.043957573629718784,1423726.0,0.018911850362793366,3.82316300255316,779.0,33,0.295196350299669,1.0,0.10395010395010396,2
2016,BRU,11400266044.6651,26663.2972950602,-2.47791771833224,0.014789221012864175,427564.0,0.005679482139482866,1.25964272152269,5270.0,3,0.026836031845424456,0.0,0.0,0
2016,BUL,53932152153.5457,7822.89886431732,3.02662820096305,0.06996455300018721,6894139.0,0.09157725935207892,-1.29824041616821,108560.0,51,0.4562125413722158,2.0,0.2079002079002079,3
2016,BUR,12833363045.3367,663.742364842886,5.95797670754024,0.016648334492564344,19334856.0,0.25683165402483166,2.92508251378454,273600.0,5,0.04472671974237409,0.0,0.0,0
2016,CAF,1825018144.65595,387.176203444318,4.75031684122342,0.0023675409493127365,4713663.0,0.06261323408902814,1.80553237158984,622980.0,6,0.05367206369084891,0.0,0.0,0
2016,CAM,26556545153.3573,1675.19555711109,7.90550116130704,0.034451004395191345,15852803.0,0.2105783262838789,1.45860767566845,176520.0,6,0.05367206369084891,0.0,0.0,0
2016,CAN,1527996250640.92,42314.1033623905,1.03855091989323,1.982223412069522,36110803.0,0.47967242490220013,1.13153974027004,8965590.0,310,2.773056624027194,18.0,1.8711018711018712,22
2016,CAY,4909322237.28895,77802.2541567187,3.23997433895669,0.006368715546301796,63100.0,0.0008381793673026,2.33773131582921,240.0,5,0.04472671974237409,0.0,0.0,0
2016,CGO,10931328150.8478,2093.10728558843,-8.68524343913786,0.014180882038510456,5222536.0,0.0693727721108566,2.42169941927317,341500.0,10,0.08945343948474818,0.0,0.0,0
2016,CHA,13026289835.7789,861.831767630746,-4.12250332637034,0.016898612594143166,15114655.0,0.20077324825510426,3.13868697646131,1259200.0,2,0.01789068789694964,0.0,0.0,0
2016,CHI,249344863928.438,13649.8520452803,1.753038749071,0.3234675652842225,18267221.0,0.24264988494701692,1.2094154366484,742286.76,42,0.37570444583594237,0.0,0.0,0
2016,CHN,11456024084962.0,8254.86859320357,6.7736886867727,14.861554235436724,1387790000.0,18.43449990727219,0.573050906069647,9388210.0,392,3.506574827802129,88.0,9.147609147609147,70
2016,CIV,48407761036.8238,1862.59597081287,7.17275963956332,0.06279792716298256,25989405.0,0.3452263556176074,2.90076810314127,318000.0,12,0.10734412738169782,0.0,0.0,2
2016,CMR,33814337044.3765,1441.7201725688,4.53579423678801,0.04386631873269193,23454161.0,0.311549822941257,2.98933225067819,472710.0,22,0.196797566866446,0.0,0.0,0
2016,COD,38600224214.4728,459.765036590388,0.393832798154563,0.05007490569231885,83956415.0,1.1152224216433362,3.54100823238224,2267050.0,4,0.03578137579389928,0.0,0.0,0
2016,COL,282720100286.228,5959.84250367574,2.08738250162794,0.36676425195083945,47437512.0,0.6301290617205941,0.990548549326914,1109500.0,143,1.2791841846318992,8.0,0.8316008316008316,8
2016,COM,1012835493.19325,1365.48403444497,3.3204465548877,0.0013139209120051982,741741.0,0.009852805104316922,2.05111578193354,1861.0,4,0.03578137579389928,0.0,0.0,0
2016,CPV,1849789985.99572,3608.96605234906,4.28071482662371,0.0023996767113233872,512554.0,0.0068084340321460666,0.0312210963482392,4030.0,5,0.04472671974237409,0.0,0.0,0
2016,CRC,58847019587.626,12091.0301560892,4.20432320775184,0.07634046216289986,4866998.0,0.06465003651827289,1.01105286688192,51060.0,11,0.098398783433223,0.0,0.0,0
2016,CRO,52650804052.1394,12820.1872746645,3.46613146011039,0.06830229878683226,4106867.0,0.05455295061261373,-1.08634598144505,55964.0,85,0.7603542356203596,6.0,0.6237006237006237,10
2016,CUB,91370407900.0,8110.55874283616,0.512843095700745,0.11853207207396774,11265612.0,0.14964506400057967,-0.0838750367097098,104040.0,117,1.046605241971554,14.0,1.4553014553014554,11
2016,CYP,21046452117.3759,24280.044921875,6.57359080924678,0.027302927026531434,1237112.0,0.016432991338232235,1.43370522557944,9240.0,15,0.1341801592271223,1.0,0.10395010395010396,0
2016,CZE,198160659303.939,18753.9686718096,2.58087013921376,0.25706784166429736,10566332.0,0.14035628320870389,0.192048415842684,77210.0,104,0.9303157706413812,10.0,1.0395010395010396,10
2016,DEN,312181849372.233,54500.9260410217,3.07304549209093,0.40498408971176386,5728010.0,0.07608716002698836,0.780392644135167,40000.0,119,1.0644959298685035,9.0,0.9355509355509356,15
2016,DJI,2604955228.70117,2510.4300076241,7.1234323372872,0.003379329785369889,1037653.0,0.013783507686523689,1.68519891610854,23180.0,7,0.06261740763932373,0.0,0.0,0
2016,DMA,612711111.111111,8802.56172041363,1.44724556489263,0.0007948516292302015,69606.0,0.0009246008405778886,-1.14845280097172,750.0,2,0.01789068789694964,0.0,0.0,0
2016,DOM,75552902635.7075,7160.44200982307,6.71974078681295,0.09801249995966307,10551430.0,0.1401583347311834,1.11122425240832,48310.0,26,0.2325789426603453,2.0,0.2079002079002079,1
2016,ECU,97671433000.0,5917.63771271481,-0.687954245877947,0.1267062017343113,16505139.0,0.21924353350652087,1.45809147770557,248360.0,37,0.3309777260935683,0.0,0.0,0
2016,EGY,332441717791.411,3270.6287768197,4.34664345601914,0.43126660545033174,101644589.0,1.350180622785306,2.03468294927084,995450.0,121,1.082386617765453,2.0,0.2079002079002079,3
2016,ESA,24191430000.0,3901.34014965811,2.53906241135864,0.031382811899785173,6200800.0,0.08236739494088688,0.276539934558171,20720.0,8,0.07156275158779855,0.0,0.0,0
2016,ESP,1243015667917.12,26755.6061149398,2.91515598595787,1.612526704487036,46458139.0,0.617119707655725,0.0771658726133905,499564.0,307,2.7462205921817695,17.0,1.7671517671517671,17
2016,EST,24561027787.7896,18666.3736521706,3.09301920751959,0.031862279953256085,1315790.0,0.017478098727465738,0.0291122255540077,43470.0,46,0.41148582162984165,2.0,0.2079002079002079,1
2016,ETH,68475871209.607,641.651523286233,9.43348265981905,0.08883168071689072,106718162.0,1.4175746672718916,2.70788250761242,1128558.5,37,0.3309777260935683,7.0,0.7276507276507277,8
2016,FIJ,4930213644.36653,5363.79026679243,2.44565202449249,0.006395817338078368,919166.0,0.012209603428305255,0.0639915048086223,18270.0,53,0.4741032292691654,0.0,0.0,1
2016,FIN,238777818792.608,43451.2562442158,2.57193414898754,0.30975925660489717,5495303.0,0.07299603156380474,0.287421401687637,303910.0,54,0.4830485732176402,3.0,0.31185031185031187,1
2016,FRA,2470407619777.13,37024.2157133669,0.860031075424033,3.20478523374855,66724104.0,0.8863196081545622,0.263868788565368,538950.0,392,3.506574827802129,35.0,3.638253638253638,42
2016,FSM,327000000.0,2997.93719917488,1.26050420168067,0.00042420722922248714,109075.0,0.001448881370658179,0.329674160226437,700.0,5,0.04472671974237409,0.0,0.0,0
2016,GAB,14023890265.3665,6677.07003901644,2.09144220829562,0.01819276951801631,2100306.0,0.02789909911603573,2.86485541015556,257670.0,6,0.05367206369084891,1.0,0.10395010395010396,0
2016,GAM,1484578885.97132,650.056501323611,1.94335965478776,0.001925899375474313,2283769.0,0.030336102305630608,2.62819405087404,10120.0,4,0.03578137579389928,0.0,0.0,0
2016,GBR,2706807606538.73,41258.5374285695,2.20652020635357,3.5114598006365347,65606000.0,0.8714674416997523,0.794231868922694,241930.0,360,3.220323821450935,65.0,6.756756756756757,67
2016,GBS,1245074264.10396,679.665386626818,5.4326782650304,0.0016151972591797188,1831893.0,0.02433367536776643,2.51155296505032,28120.0,5,0.04472671974237409,0.0,0.0,0
2016,GEO,15444548901.9637,4143.40125686315,3.45021517996871,0.020035747083465526,3727505.0,0.049513752496311854,0.0598165991047394,69490.0,40,0.3578137579389927,7.0,0.7276507276507277,7
2016,GEQ,11240808847.8878,7453.19797948517,-8.81641723219757,0.014582362004838232,1508186.0,0.020033762080105214,3.66421838047825,28050.0,1,0.00894534394847482,0.0,0.0,0
2016,GER,3536787895179.0,42948.9381932694,2.22222216259371,4.58816817541748,82348669.0,1.0938661692651541,0.807218538573871,349360.0,418,3.739153770462474,44.0,4.573804573804574,42
2016,GHA,56144179397.8516,1912.47991339951,3.37346574966936,0.0728341491722718,29356742.0,0.3899558706121341,2.27621203911157,227540.0,13,0.11628947133017264,0.0,0.0,0
2016,GRE,193097239005.87,17919.2426377048,-0.0317947678412054,0.2504992193553287,10775971.0,0.1431409913605573,-0.415913028277122,128900.0,92,0.8229716432596833,2.0,0.2079002079002079,6
2016,GRN,1061640740.74074,9221.23461079424,3.7396039558691,0.0013772344864199943,115130.0,0.0015293120532099578,0.39511639438688,340.0,6,0.05367206369084891,1.0,0.10395010395010396,1
2016,GUA,66053408205.8838,4060.13784737643,2.6778031930216,0.08568909258629928,16268760.0,0.21610362858316715,1.84256060230578,107160.0,21,0.18785222291797118,1.0,0.10395010395010396,0
2016,GUI,8595955222.49719,711.996509782316,10.82062719659,0.011151273233810707,12073030.0,0.16037027966442644,2.56690869267138,245720.0,5,0.04472671974237409,0.0,0.0,0
2016,GUM,5901000000.0,35930.6594898711,0.18198362147406,0.0076551891732168096,164233.0,0.0021815643744882394,-0.408339926567039,540.0,5,0.04472671974237409,0.0,0.0,0
2016,GUY,4482697336.56174,5870.87823759835,3.80745626378814,0.005815267940629598,763548.0,0.010142475111650801,0.626279284065059,196850.0,6,0.05367206369084891,0.0,0.0,0
2016,HAI,14069277526.2278,1318.40268167953,1.81246807847532,0.018251649041477993,10671457.0,0.14175269534796991,1.39862723308259,27560.0,10,0.08945343948474818,0.0,0.0,0
2016,HKG,320860317562.562,43734.1980702999,2.17544820327555,0.41624240452801764,7336600.0,0.09745462355233367,0.619366345332479,1050.0,37,0.3309777260935683,1.0,0.10395010395010396,0
2016,HON,21717604952.1835,2307.34468351082,3.89297219726413,0.028173593339799168,9412380.0,0.12502793523314812,1.87756675968273,111890.0,23,0.20574291081492083,0.0,0.0,0
2016,HUN,128983560865.293,13215.8605277789,2.43864141309342,0.16732648003032408,9759755.0,0.12964223884197126,-0.388598014975531,91260.0,154,1.3775829680651221,18.0,1.8711018711018712,15
2016,INA,931877364037.698,3521.46943457574,5.03306918280177,1.2088963748427732,264627418.0,3.5151385386713256,1.0744882002252,1877519.0,28,0.25046963055729493,2.0,0.2079002079002079,3
2016,IND,2294796885663.16,1707.50892912243,8.25630550176662,2.9769707293442256,1343944296.0,17.852082087341017,1.19162966402099,2973190.0,112,1.0018785222291797,6.0,0.6237006237006237,2
2016,IRI,478618064870.999,5710.59947089104,8.8150866425182,0.6208967680573552,83812228.0,1.1133071352973256,1.43348558597155,1628760.0,63,0.5635566687539136,12.0,1.2474012474012475,8
2016,IRL,305431252708.748,64129.5571542383,1.22271661130947,0.3962267444328173,4762722.0,0.06326490194291876,1.28405485082411,68890.0,76,0.6798461400840863,5.0,0.5197505197505198,2
2016,IRQ,166743557747.671,4334.42096404188,13.7873730187089,0.21631138416770426,38469627.0,0.5110055090210304,2.39151227352058,434128.0,20,0.17890687896949636,0.0,0.0,0
2016,ISL,21083713310.457,62854.0906407932,6.21808764670307,0.027351264847554242,335439.0,0.004455753546570789,1.38808149583838,100250.0,8,0.07156275158779855,0.0,0.0,0
2016,ISR,321083954798.337,37571.2561196275,4.53601939236572,0.41653252236330535,8546000.0,0.11351950670313818,1.9603489624817,21640.0,47,0.4204311655783165,0.0,0.0,2
2016,ISV,3798000000.0,35324.9748874586,1.6008537886873,0.0049270307540887045,107516.0,0.0014281726284454254,-0.182132486647949,350.0,7,0.06261740763932373,0.0,0.0,0
2016,ITA,1887111188176.93,31391.5692898108,1.23622108511661,2.4480923803403396,60115223.0,0.7985315305767782,-0.190090486385849,295718.0,309,2.764111280078719,28.0,2.9106029106029108,28
2016,JAM,14898999754.1229,5302.29553353854,2.76043761369557,0.019328022641844016,2809915.0,0.03732508362716458,0.263022586225724,10830.0,56,0.5009392611145899,12.0,1.2474012474012475,11
2016,JOR,43688498732.3944,4366.06999647268,2.11166806967252,0.05667577063045618,10006367.0,0.132918072283005,4.72325254401232,88780.0,8,0.07156275158779855,0.0,0.0,1
2016,JPN,5110357383254.44,40214.9688631562,0.704986495111257,6.62951237274326,127076000.0,1.6879949489595119,-0.0511374152133631,364500.0,335,2.996690222739064,38.0,3.95010395010395,41
2016,KAZ,137278320084.171,7475.56688689424,1.09999999910173,0.17808702078050118,18363600.0,0.2439301209096359,1.53335297365685,2699700.0,101,0.9034797387959567,13.0,1.3513513513513513,18
2016,KEN,74815144163.8931,1554.12610314423,4.21351706814744,0.09705542816405512,48139687.0,0.639456297809908,2.20775684612709,573052.1,79,0.7066821719295107,11.0,1.1434511434511434,13
2016,KGZ,6813095379.1187,1103.27489428412,4.33585592190116,0.008838422976160472,6175338.0,0.0820291742903281,2.21536456642779,191800.0,19,0.16996153502102157,0.0,0.0,0
2016,KIR,206467818.503227,1742.66799324117,7.08803465778669,0.00026784446853475623,118478.0,0.0015737847080709577,1.41358025249878,810.0,3,0.026836031845424456,0.0,0.0,0
2016,KOR,1579150518945.44,30832.0628072516,3.17152748983935,2.048584300205192,51217803.0,0.6803439891152013,0.396851823381145,97489.0,207,1.8516861973342875,28.0,2.9106029106029108,21
2016,KSA,689279466666.667,22267.7217050387,1.70404739202878,0.8941814456104603,30954198.0,0.41117543732170214,3.74506540506437,2149690.0,10,0.08945343948474818,1.0,0.10395010395010396,0
2016,LAO,15912501722.6143,2303.22156035363,7.02283625501138,0.02064280815213537,6908802.0,0.09177203310901644,1.56317561333482,230800.0,5,0.04472671974237409,0.0,0.0,0
2016,LAT,27117105059.5075,13838.5266823272,2.55168601974034,0.035178201840454934,1959537.0,0.026029215259366637,-0.913885332226604,62227.0,32,0.2862510063511942,2.0,0.2079002079002079,0
2016,LBA,49912073701.298,7525.80299308216,-1.4909411172622,0.0647494265736275,6632126.0,0.08809684904201463,1.52399514586306,1759540.0,7,0.06261740763932373,0.0,0.0,0
2016,LBR,3398419600.0,714.613063145659,-1.5549586174878,0.004408667162848297,4755608.0,0.063170404193014,2.04312155500225,96320.0,2,0.01789068789694964,0.0,0.0,0
2016,LCA,1868544444.44444,10638.1269396653,3.42787214525211,0.002424006304149381,175646.0,0.0023331672448372817,0.422763651310013,610.0,5,0.04472671974237409,0.0,0.0,0
2016,LES,2114426452.2019,992.491840678465,3.60890731687714,0.002742981610652299,2130422.0,0.028299140476189217,1.21894302061673,30360.0,8,0.07156275158779855,0.0,0.0,0
2016,LIB,51147308774.1294,8089.012088155,1.55454940856943,0.06635185974697383,6323060.0,0.08399141727759711,-2.33543749400836,10230.0,9,0.08050809553627337,0.0,0.0,0
2016,LTU,42970749245.0336,14934.2702840428,2.67192215053329,0.05574465588639139,2877325.0,0.038220514231758373,-1.16730651563847,62642.0,67,0.5993380445478128,5.0,0.5197505197505198,4
2016,LUX,62216885435.9488,106899.293549552,4.97819047122638,0.08071208740561699,582014.0,0.0077310955036649035,2.15531198799205,2574.46,10,0.08945343948474818,0.0,0.0,0
2016,MAD,11848613858.442,453.970714522463,3.99314606199499,0.015370849097910836,26099952.0,0.34669479007905274,2.61335935661539,581800.0,6,0.05367206369084891,0.0,0.0,0
2016,MAR,111572947004.917,3140.85546875,0.52118550608968,0.14474021622367964,35023457.0,0.4652288277180636,1.19450726277516,446300.0,48,0.4293765095267913,1.0,0.10395010395010396,1
2016,MAS,301256033870.334,9476.53409809923,4.44978139761541,0.39081035906633066,31789685.0,0.4222735033288265,1.76731054757933,328550.0,32,0.2862510063511942,2.0,0.2079002079002079,5
2016,MAW,7909868618.46366,450.506105510719,2.49999999914311,0.010261233792514897,17557739.0,0.23322558742130245,2.72595787740448,94280.0,5,0.04472671974237409,0.0,0.0,0
2016,MDA,7980917075.7748,2847.08794770479,4.64601436259409,0.010353402811525574,2803186.0,0.03723569996690184,-1.16302237797705,32880.0,23,0.20574291081492083,2.0,0.2079002079002079,0
2016,MDV,4409942623.85538,9947.80744731739,6.37528306716864,0.005720885447999498,443308.0,0.005888615197467211,3.47818441091268,300.0,4,0.03578137579389928,0.0,0.0,0
2016,MEX,1112233497452.7,9097.92397674769,1.7724932254128,1.442866942516349,122251351.0,1.6239074490185115,0.969124204799117,1943950.0,123,1.1002773056624027,7.0,0.7276507276507277,5
2016,MGL,11181350649.3573,3619.90026383792,1.48978448679577,0.014505228678681705,3088856.0,0.04103035448128114,2.02736957640078,1557255.4,43,0.3846497897844172,5.0,0.5197505197505198,2
2016,MHL,201800000.0,4229.80988911945,2.5040827436037,0.00026178904849265413,47709.0,0.000633735331769251,-2.26102535172131,180.0,5,0.04472671974237409,0.0,0.0,0
2016,MKD,10672467073.2873,5598.48622617967,2.84820519363306,0.013845069376536491,1906313.0,0.025322222253894154,-0.320367473371963,25220.0,6,0.05367206369084891,0.0,0.0,0
2016,MLI,16743796799.8329,872.468587171653,6.00506308559498,0.02172122216245095,19191289.0,0.2549246033556473,3.16701291267986,1220190.0,6,0.05367206369084891,0.0,0.0,0
2016,MLT,12025777078.0922,26459.0644285369,4.07800422216982,0.015600677594938194,454505.0,0.006037348864276834,2.28889794467689,320.0,7,0.06261740763932373,0.0,0.0,0
2016,MNE,4357467226.269,6968.01202883651,3.4393056210999,0.0056528106987258995,625353.0,0.00830678259715979,0.11231965238542,13450.0,35,0.31308703819661865,1.0,0.10395010395010396,0
2016,MON,6471287668.59924,173604.669723126,3.00844358752744,0.008395006151064626,37276.0,0.0004951501441453521,1.40210042123736,2.027,3,0.026836031845424456,0.0,0.0,0
2016,MOZ,12069051237.1711,441.489734819071,4.69699024225795,0.015656815855243374,27337105.0,0.36312832603462347,2.93066434696089,786380.0,6,0.05367206369084891,0.0,0.0,0
2016,MRI,12757680846.5663,10095.1225574156,3.88576121076034,0.016550154260632062,1263747.0,0.016786793358012024,0.0687082325715694,1997.0,11,0.098398783433223,0.0,0.0,0
2016,MTN,6407900701.25829,1568.00551190332,1.26090922448303,0.008312776151723583,4086657.0,0.05428449411478195,2.99795842489143,1030700.0,2,0.01789068789694964,0.0,0.0,0
2016,MYA,63298361996.2153,1229.19713515893,5.86247291518572,0.0821150543019464,51495696.0,0.6840353390188119,0.792792538685626,652780.0,7,0.06261740763932373,0.0,0.0,0
2016,NAM,10722018732.0936,4395.68776162376,0.0337944502063294,0.013909351247746272,2439213.0,0.03240091931943386,2.69727890929136,823290.0,10,0.08945343948474818,0.0,0.0,0
2016,NCA,13286093388.4752,2131.68704828322,4.56314739524967,0.01723564790066138,6232666.0,0.08279068216304955,1.34468900607336,120340.0,5,0.04472671974237409,0.0,0.0,0
2016,NED,797163949289.885,46808.5291492503,2.42428065449427,1.0341367283312457,17030314.0,0.2262196166954772,0.532178879608489,33670.0,237,2.120046515788532,20.0,2.079002079002079,19
2016,NEP,24524109483.5293,877.256454696737,0.433113719381524,0.03181438695155011,27955462.0,0.3713421783171454,0.472697719209503,143350.0,7,0.06261740763932373,0.0,0.0,0
2016,NGR,404649125252.16,2070.4127339595,-1.61686894903467,0.5249390955061833,195443700.0,2.5961470175797015,2.47183239057048,910770.0,71,0.6351194203417121,0.0,0.0,1
2016,NIG,10341025540.2322,499.910520068193,4.28137558478143,0.013415100280553136,20685753.0,0.2747760913109011,3.67426137513091,1266700.0,6,0.05367206369084891,0.0,0.0,1
2016,NOR,383284047619.048,73222.4006864905,1.29158732771135,0.4972228252160739,5234519.0,0.06953194649054577,0.880969815359919,365145.73,62,0.5546113248054387,4.0,0.4158004158004158,4
2016,NRU,97541943.0355053,8748.15632605428,4.13223140495909,0.00012653821831213878,11150.0,0.0001481093493728049,1.77348115445981,20.0,2,0.01789068789694964,0.0,0.0,0
2016,NZL,188980351890.848,40088.3205470499,3.7435247472109,0.24515850597280503,4714100.0,0.06261903891285557,2.24603210015584,263310.0,195,1.7443420699525898,13.0,1.3513513513513513,18
2016,OMA,75128738621.5865,17110.1897460545,5.04642394571691,0.09746224478790114,4390877.0,0.05832555476645861,4.80473653238819,309500.0,4,0.03578137579389928,0.0,0.0,0
2016,PAK,313630000130.435,1424.69161195897,6.57383828511043,0.4068627319766976,220138869.0,2.924181583789698,1.30216393815952,770880.0,7,0.06261740763932373,0.0,0.0,0
2016,PAN,59760858700.0,14832.3611608191,4.57196707937275,0.07752595805835953,4029086.0,0.05351975838807866,1.72866876171939,74120.0,10,0.08945343948474818,0.0,0.0,0
2016,PAR,36089700222.9461,5775.1596339946,4.26802583314583,0.046818078700446915,6249126.0,0.08300932609943308,1.45104639106418,397300.0,11,0.098398783433223,0.0,0.0,0
2016,PER,191898104390.379,6217.03599995447,3.95331871520767,0.24894361821556657,30866494.0,0.41001043441790014,1.33357065112944,1280000.0,29,0.2594149745057697,0.0,0.0,0
2016,PHI,318627003016.731,2985.19564024046,7.14945675000752,0.41334519298224015,106735719.0,1.4178078830429175,1.34190709540685,298170.0,13,0.11628947133017264,0.0,0.0,1
2016,PLE,15405400000.0,3527.61382413178,8.86461881995935,0.01998496039469145,4367088.0,0.058009557159980615,2.24610527580178,6020.0,6,0.05367206369084891,0.0,0.0,0
2016,PLW,303326125.0,17043.6660673147,1.66650688235592,0.00039349582580135715,17797.0,0.00023640377495854787,0.151826160128869,460.0,5,0.04472671974237409,0.0,0.0,0
2016,PNG,20758876952.6232,2316.39479758492,5.48957315278187,0.026929864446002552,8961718.0,0.11904163428184344,2.46804330802257,452860.0,8,0.07156275158779855,0.0,0.0,0
2016,POL,473259623976.262,12464.0121044827,3.03117767594847,0.6139454244337806,37970087.0,0.5043699445021343,-0.04298513087435,306190.0,234,2.093210483943108,10.0,1.0395010395010396,11
2016,POR,206305431241.638,19980.2808866516,2.00414129666575,0.2676338084420966,10325452.0,0.13715658992826252,-0.315459016997883,91605.6,90,0.8050809553627337,1.0,0.10395010395010396,1
2016,PUR,104336700000.0,29978.0889268918,-1.26369434781117,0.13535285141656844,3480432.0,0.04623179543105741,-1.5604116086776,8870.0,40,0.3578137579389927,2.0,0.2079002079002079,1
2016,QAT,151732181868.132,61253.6375482797,3.06419188430156,0.19683757937052837,2477113.0,0.0329043582738042,5.49972976958708,11490.0,37,0.3309777260935683,2.0,0.2079002079002079,1
2016,ROU,185290759248.844,9404.54005870715,2.85993252302089,0.24037210881187476,19702267.0,0.2617121028286354,-0.573660845379617,230080.0,95,0.8498076751051078,9.0,0.9355509355509356,4
2016,RSA,323585509674.481,5651.20585165749,0.664552307858116,0.41977771399253183,57259551.0,0.7605986407164969,0.940521897823675,1213090.0,135,1.2076214330441006,6.0,0.6237006237006237,10
2016,RUS,1276786350881.14,8663.158203125,0.193671130698817,1.656336392099017,145015460.0,1.9262910699191045,0.258751057379474,16376870.0,284,2.5404776813668484,82.0,8.523908523908524,56
2016,RWA,8596812240.52305,721.258515833094,5.65874584202778,0.011152385017425825,11919183.0,0.15832667616012527,2.36997866838859,24670.0,7,0.06261740763932373,0.0,0.0,0
2016,SAM,843924796.697421,4147.07097674888,7.9838628784713,0.001094798164156464,203499.0,0.002703148384575464,0.847318414943751,2830.0,8,0.07156275158779855,0.0,0.0,0
2016,SEN,19040312333.1864,1266.43957151587,6.35606857208136,0.024700422441564993,15034521.0,0.19970880030867913,2.97843134010735,192530.0,22,0.196797566866446,0.0,0.0,0
2016,SEY,1568513348.14463,16566.9946042294,12.1175272453913,0.0020347850196174916,94677.0,0.0012576277013963274,1.33763477950025,460.0,10,0.08945343948474818,0.0,0.0,0
2016,SGP,320759207438.623,57204.0340105222,3.91095306322606,0.41611123741632794,5607283.0,0.07448350106539817,1.29743609938602,709.0,25,0.22363359871187047,2.0,0.2079002079002079,1
2016,SKN,1006818518.51852,21387.5415511103,3.93270319273282,0.00130611527238725,47075.0,0.0006253136880470664,-0.0254879889232652,260.0,6,0.05367206369084891,0.0,0.0,0
2016,SLE,6084297211.10217,844.416411175476,6.43743652764257,0.007892975112194977,7205328.0,0.09571089166795099,2.35457342669593,72180.0,4,0.03578137579389928,0.0,0.0,0
2016,SLO,44290685824.0682,21447.8377796036,3.03441486663654,0.05745696976694698,2065042.0,0.02743067507152608,0.0731972072415279,20142.0,63,0.5635566687539136,4.0,0.4158004158004158,4
2016,SMR,1468342400.08249,44359.4574206971,2.34441211810459,0.0019048362724430879,33101.0,0.00043969215906629734,0.618202520367254,60.0,4,0.03578137579389928,0.0,0.0,0
2016,SOL,1379486290.71433,2082.62383124213,5.55494348257992,0.0017895659239582026,662379.0,0.008798611903875259,3.52842038261052,27990.0,3,0.026836031845424456,0.0,0.0,0
2016,SOM,6613743069.99912,460.928490585175,7.03487260042162,0.008579809243161323,14348740.0,0.19059933145466731,3.8489103342184,627340.0,2,0.01789068789694964,0.0,0.0,0
2016,SRB,42225495909.5633,5982.37030126471,2.97519807160826,0.05477786123040157,7058322.0,0.09375815955908118,-0.523694463062603,87460.0,103,0.9213704266929064,4.0,0.4158004158004158,8
2016,SRI,88000210878.1236,4149.19189391879,5.05362488993089,0.11416001720979628,21209000.0,0.28172656420159814,1.13327749793807,61893.0,9,0.08050809553627337,0.0,0.0,0
2016,STP,292267272.196925,1434.87018050521,5.17682468684113,0.00037914950988095415,203689.0,0.0027056722210221755,1.6823011731644,960.0,3,0.026836031845424456,0.0,0.0,0
2016,SUD,42630376000.0,1033.21594238281,3.46764218409288,0.055303099950069774,41259892.0,0.5480695748262061,3.04008474256183,1868000.0,6,0.05367206369084891,0.0,0.0,0
2016,SUI,698607778794.566,83432.4111596314,1.91159094214852,0.9062827833508228,8373338.0,0.111225976973864,1.09203117387253,39509.63,102,0.9124250827444316,4.0,0.4158004158004158,7
2016,SUR,3317421648.09918,5644.2061057532,-4.91166050905851,0.00430359096484052,587757.0,0.007807381781104188,1.04842483742266,160507.61,6,0.05367206369084891,0.0,0.0,0
2016,SVK,90347173228.6356,16636.0769133073,1.94781841524558,0.11720466062202929,5430798.0,0.0721391890901462,0.128922329956911,48080.0,51,0.4562125413722158,4.0,0.4158004158004158,4
2016,SWE,513058312950.939,51703.5088332851,2.13117914731151,0.6655750622828183,9923085.0,0.13181180835166276,1.25645398510305,407310.64,150,1.3418015922712228,8.0,0.8316008316008316,11
2016,SWZ,3722306116.72872,3238.17611961364,2.94916821059911,0.004828835364206135,1149507.0,0.015269303486052453,0.584038792817515,17200.0,2,0.01789068789694964,0.0,0.0,0
2016,SYR,12597854088.3602,656.349017520952,-6.40568496867387,0.016342815831720068,19193834.0,0.25495840948068355,-1.19521490586433,183630.0,7,0.06261740763932373,0.0,0.0,0
2016,TAN,49774409374.4538,953.0107421875,6.86711619644551,0.06457083879792916,53824013.0,0.7149631879877483,3.40729531415315,885800.0,7,0.06261740763932373,0.0,0.0,0
2016,TGA,420828254.541601,3987.98618837043,6.59869879417958,0.0005459277915523796,105524.0,0.0014017121958041134,-0.539650395978897,720.0,7,0.06261740763932373,0.0,0.0,0
2016,THA,413366349747.508,5833.57715617098,3.43515771692182,0.5362476877070456,70859841.0,0.941256049073579,0.451266062797186,510890.0,54,0.4830485732176402,3.0,0.31185031185031187,6
2016,TJK,6992416096.89018,788.710481734485,6.89999999999999,0.009071050330374622,8865631.0,0.11776527705734258,2.53351872618566,138790.0,7,0.06261740763932373,1.0,0.10395010395010396,1
2016,TKM,33313947368.4211,5238.00827202546,6.22909997062793,0.04321717831076967,6360041.0,0.0844826488335752,2.2945212778352,469930.0,9,0.08050809553627337,0.0,0.0,0
2016,TLS,1640464600.0,1335.54390089814,3.00993062553351,0.0021281252067387635,1228312.0,0.016316097860700336,1.90525943887907,14870.0,3,0.026836031845424456,0.0,0.0,0
2016,TOG,6071167584.1951,843.114204338675,4.21490387414525,0.007875942443537566,7200884.0,0.09565186046179738,1.81308919594096,54390.0,5,0.04472671974237409,0.0,0.0,0
2016,TTO,23624322192.6274,17449.1538801956,-7.53636305379372,0.03064712005991982,1353895.0,0.017984260768528583,0.312772812072739,5130.0,28,0.25046963055729493,4.0,0.4158004158004158,1
2016,TUN,44360072680.4476,3847.80354448809,1.117231963992,0.057546983241225765,11528674.0,0.15313940854449976,1.10253911569433,155360.0,61,0.5456659808569639,3.0,0.31185031185031187,3
2016,TUR,870818016909.84,10984.3643169061,3.32366508200445,1.1296859269429487,79277962.0,1.053076894297933,1.34542593504869,769630.0,100,0.8945343948474819,5.0,0.5197505197505198,8
2016,TUV,41306141.62505,3779.15293916285,4.77650497336539,5.358521066860582e-05,10930.0,0.0001451870124345074,-0.301466450395575,30.0,1,0.00894534394847482,0.0,0.0,0
2016,UAE,381717208620.964,42721.1136110991,5.65790147196586,0.4951902122802484,8935095.0,0.1186879916622603,4.93046894788046,71020.0,12,0.10734412738169782,0.0,0.0,1
2016,UGA,29203988696.2626,752.696571725656,4.78100029254482,0.03788545298803178,38799152.0,0.5153827048373598,3.32192491389275,200520.0,21,0.18785222291797118,1.0,0.10395010395010396,0
2016,UKR,93355869403.9223,2158.46118164063,2.44098194492067,0.12110775135013531,45616832.0,0.6059443325532329,-0.36774838525265,579290.0,204,1.8248501654888631,20.0,2.079002079002079,11
2016,URU,57480787465.2716,17009.7584207276,1.68979822971775,0.07456809047146648,3379283.0,0.04488819789027626,0.333941294134426,175020.0,17,0.15207084712407193,0.0,0.0,0
2016,USA,18804913000000.0,57976.628204291,1.81945147909089,24.39504599235452,324353340.0,4.30849884791894,0.785625485688815,9147420.0,555,4.964665891403524,103.0,10.706860706860708,121
2016,UZB,97871364319.3985,3128.42307170099,6.71108022628,0.12696556659986738,31284568.0,0.41556385756854464,1.7256215086876,440591.0,70,0.6261740763932373,3.0,0.31185031185031187,13
2016,VAN,908725512.790966,3339.83436471043,3.61980830670927,0.00117886217707902,272087.0,0.003614226775138867,2.22459321328248,12190.0,4,0.03578137579389928,0.0,0.0,0
2016,VEN,112948035494.959,3671.23004093383,-17.1122994652406,0.14652407701357703,30765720.0,0.4086718181332638,0.62520243689416,882050.0,85,0.7603542356203596,1.0,0.10395010395010396,3
2016,VIE,257096001177.982,2735.0604380416,6.69000892660424,0.3335228816632815,94000117.0,1.24863642778812,1.25988366517733,313387.0,22,0.196797566866446,0.0,0.0,2
2016,VIN,814303703.703704,7656.90042881178,4.1496810046981,0.0010563716143539984,106349.0,0.001412670959322729,-0.572879410655285,390.0,4,0.03578137579389928,0.0,0.0,0
2016,YEM,31317825274.1507,975.359417003225,-9.37512379736752,0.040627669372542655,32109010.0,0.4265152089780167,3.00213847021681,527970.0,3,0.026836031845424456,0.0,0.0,0
2016,ZAM,20958412538.3093,1239.08527877713,3.75510031678988,0.027188715938159087,16914423.0,0.22468019601313066,3.09409054089327,743390.0,7,0.06261740763932373,0.0,0.0,0
2016,ZIM,20559250000.0,1408.13945253431,0.75579405855224,0.02667089442627651,14600294.0,0.193940811210015,1.38820029316449,386850.0,30,0.2683603184542446,0.0,0.0,0
